X,Y,POINT_X,POINT_Y,dtm10mUTM3
626016.77307573485,5117314.1355925202,626016.77307600004,5117314.13559000010,1990.00000
625312.12194920646,5115617.044951533,625312.12194900005,5115617.04495000000,1715.00000
625516.88484974403,5117739.579062568,625516.88485000003,5117739.57906000040,1882.00000
623962.78912661807,5116990.3252643067,623962.78912700003,5116990.32526000030,1706.00000
625710.27520090435,5117399.8027597181,625710.27520100004,5117399.80276000030,1785.00000
623884.29899690708,5117939.9618296009,623884.29899699998,5117939.96183000040,1835.00000
626185.78451585909,5118642.5284624752,626185.78451599996,5118642.52845999970,2585.00000
624132.14237311063,5118945.3011903176,624132.14237300004,5118945.30119000000,2410.00000
625460.21666780161,5116153.0779411048,625460.21666799998,5116153.07794000020,1511.00000
624517.4476816908,5117249.1879044659,624517.44768200000,5117249.18790000030,1548.00000
625097.10409245687,5119021.7192020398,625097.10409200005,5119021.71920000020,2352.00000
624606.3475255454,5115304.9282728238,624606.34752600000,5115304.92827000000,2245.00000
624430.08149887202,5118565.2084604744,624430.08149899996,5118565.20846000030,2248.00000
625079.30282289605,5117946.0096269287,625079.30282300001,5117946.00963000020,1833.00000
623523.81558517134,5117930.502754719,623523.81558499997,5117930.50275000000,1974.00000
626724.60866888741,5117836.2172123827,626724.60866899998,5117836.21721000040,2295.00000
624797.23358388187,5116181.8649352966,624797.23358400003,5116181.86493999980,2089.00000
625898.48972396855,5118088.4109517727,625898.48972399998,5118088.41095000040,2391.00000
623622.74739324709,5118112.3195388671,623622.74739300006,5118112.31953999960,2112.00000
625982.52030796139,5116482.1767905233,625982.52030800004,5116482.17678999990,1557.00000
623457.68563670712,5117031.8506407756,623457.68563700002,5117031.85063999980,1609.00000
626655.52584822592,5116463.7624114379,626655.52584799996,5116463.76241000000,2109.00000
627006.83483965567,5117525.8027565172,627006.83484000002,5117525.80276000030,2330.00000
623852.10913871857,5117559.9494820777,623852.10913899995,5117559.94948000000,1578.00000
626058.01280368597,5115635.6267391797,626058.01280400006,5115635.62674000020,1415.00000
624015.8620477349,5116465.2071449105,624015.86204799998,5116465.20713999960,2293.00000
626719.70382367889,5115857.6865887232,626719.70382399997,5115857.68659000010,1940.00000
624707.93599555094,5115506.1133676386,624707.93599599996,5115506.11337000040,2237.00000
624459.79894201539,5117568.4240390398,624459.79894200002,5117568.42404000000,1707.00000
624994.51911385776,5116522.8877187325,624994.51911400002,5116522.88772000000,1645.00000
625361.78267385263,5118631.5202674847,625361.78267400002,5118631.52027000020,2179.00000
625227.69744230574,5116913.6501434669,625227.69744200003,5116913.65013999960,1459.00000
625640.36975234863,5115184.0141140446,625640.36975199997,5115184.01410999990,1619.00000
625726.1301770322,5118953.3714727499,625726.13017699996,5118953.37146999970,2405.00000
625901.71158322657,5118821.4809956402,625901.71158300003,5118821.48099999970,2420.00000
626239.54577923776,5116470.1600017836,626239.54577900004,5116470.16000000010,1748.00000
625418.24813933834,5115218.9055467322,625418.24813900003,5115218.90555000030,1756.00000
623283.03757503489,5118425.0772411209,623283.03757499997,5118425.07723999950,2316.00000
626238.39190742571,5118334.6172779873,626238.39190699998,5118334.61727999990,2660.00000
625433.59994631156,5115428.2015543971,625433.59994600003,5115428.20155000030,1677.00000
625545.98548068106,5118298.6959082372,625545.98548100004,5118298.69591000020,2064.00000
625871.62234571809,5115155.6551022828,625871.62234600005,5115155.65510000010,1497.00000
626885.22664496966,5117003.8633911023,626885.22664500005,5117003.86338999960,2545.00000
625604.35091613443,5116468.9327524388,625604.35091599997,5116468.93274999970,1451.00000
626393.17139162321,5116892.2291038064,626393.17139200005,5116892.22910000010,2046.00000
625622.95417708042,5114974.155680676,625622.95417699998,5114974.15567999990,1711.00000
625735.28668667818,5115814.5179039324,625735.28668699996,5115814.51790000030,1436.00000
624649.57198703603,5118394.9867618624,624649.57198699994,5118394.98675999980,2244.00000
626332.879376597,5116154.6473426837,626332.87937700003,5116154.64733999970,1660.00000
624590.18596839369,5116315.6176879052,624590.18596799998,5116315.61768999980,2064.00000
625091.42674037931,5115654.1796902586,625091.42674000002,5115654.17968999970,1868.00000
626354.19206814282,5117109.0193883944,626354.19206799997,5117109.01939000000,2019.00000
623137.56434627273,5118278.3115101829,623137.56434599997,5118278.31151000040,2352.00000
623823.62006200431,5116768.9729992701,623823.62006200000,5116768.97300000020,1910.00000
624823.36004555691,5118599.0442945976,624823.36004599999,5118599.04428999960,2382.00000
623386.83076452173,5118114.0892016441,623386.83076499996,5118114.08920000030,2213.00000
623864.66544758156,5118747.2363543678,623864.66544799996,5118747.23634999990,2368.00000
623921.04919263534,5115667.6639177129,623921.04919299996,5115667.66392000020,2585.00000
624088.91187205934,5118083.8337575654,624088.91187199997,5118083.83375999980,2011.00000
626021.69551015564,5116151.3738157786,626021.69550999999,5116151.37382000030,1475.00000
625600.14947035327,5117170.2705014702,625600.14946999995,5117170.27049999960,1587.00000
625878.99257010012,5117624.8905798858,625878.99257000000,5117624.89058000040,2173.00000
626087.18555591616,5117966.3930648901,626087.18555599998,5117966.39305999970,2481.00000
635674.30652046099,5113065.0303910114,635674.30651999998,5113065.03039000000,761.00000
629986.27845671098,5110848.9422508013,629986.27845700004,5110848.94225000030,2108.00000
642630.5956260676,5097552.3092767196,642630.59562599997,5097552.30927999970,544.00000
636692.99439206067,5111404.6295514889,636692.99439200002,5111404.62954999970,769.00000
635652.99480275228,5104145.3377673589,635652.99480300001,5104145.33777000010,1518.00000
632999.7675332604,5113495.786685193,632999.76753299998,5113495.78669000040,1404.00000
636868.33315532154,5103883.0154457102,636868.33315500000,5103883.01544999980,1215.00000
634951.21708102932,5102836.1828649482,634951.21708099998,5102836.18286000010,1221.00000
633780.99862540769,5096038.8302297955,633780.99862500001,5096038.83023000040,1301.00000
633581.80114267918,5099803.5066121407,633581.80114300002,5099803.50660999960,571.00000
639149.80927044502,5098183.3470943915,639149.80926999997,5098183.34709000030,1326.00000
638537.13746332342,5104240.9874682818,638537.13746300002,5104240.98747000010,1816.00000
638014.18896766915,5097311.5284489673,638014.18896800000,5097311.52845000010,1512.00000
637113.3463353191,5108988.0502065262,637113.34633500001,5108988.05021000000,1272.00000
638712.21292078344,5099716.5463648438,638712.21292099997,5099716.54636000000,974.00000
633684.59937420161,5103393.7902278109,633684.59937399998,5103393.79023000040,835.00000
638060.83249942039,5097673.2334590601,638060.83249900001,5097673.23345999980,1577.00000
634366.59169079934,5097290.3057034267,634366.59169100004,5097290.30570000040,1323.00000
633895.68707470922,5101268.675328128,633895.68707500002,5101268.67533000000,1074.00000
640717.42666057509,5095959.3888275912,640717.42666100000,5095959.38882999960,745.00000
636153.1982781312,5100735.7617149893,636153.19827800000,5100735.76171000020,528.00000
637079.57109780563,5109306.3608072642,637079.57109800004,5109306.36081000040,1150.00000
629206.12703633122,5112161.3103958834,629206.12703600002,5112161.31039999980,1954.00000
634479.76593455346,5109790.6864525182,634479.76593500003,5109790.68644999990,1233.00000
632390.94847312302,5108004.689619381,632390.94847299997,5108004.68962000030,1897.00000
630547.29041701101,5106297.6827363931,630547.29041699995,5106297.68274000010,1111.00000
629477.64423132571,5113675.3381672837,629477.64423099998,5113675.33817000040,1107.00000
632262.16675945034,5106437.6078269761,632262.16675900004,5106437.60783000010,1219.00000
636026.77237817412,5108316.3506463859,636026.77237799997,5108316.35065000040,850.00000
637856.53212814208,5106364.3969058972,637856.53212800005,5106364.39690999970,1687.00000
637949.68344270205,5101340.8034112491,637949.68344299996,5101340.80341000020,485.00000
630858.93805128441,5111337.1637065746,630858.93805100000,5111337.16371000000,1842.00000
636120.46407153748,5112669.5489921831,636120.46407200000,5112669.54899000000,754.00000
632952.29067765269,5104096.0966425091,632952.29067799996,5104096.09664000010,606.00000
640416.76272296999,5105098.110108709,640416.76272300002,5105098.11010999980,1190.00000
634803.0398188848,5104155.598382053,634803.03981900006,5104155.59838000030,1297.00000
639706.54208458203,5110550.8079010323,639706.54208499996,5110550.80790000040,1352.00000
637830.14154229604,5098534.9056164296,637830.14154200000,5098534.90562000030,1485.00000
636459.82454989431,5103450.8452639878,636459.82455000002,5103450.84525999990,1175.00000
641990.94226151588,5095877.7289964696,641990.94226200006,5095877.72900000030,678.00000
636421.70354256337,5098656.4256125838,636421.70354300004,5098656.42561000030,919.00000
630860.31019505195,5106127.092174273,630860.31019500003,5106127.09217000010,1158.00000
635683.23692180379,5113311.8875776948,635683.23692199995,5113311.88757999990,768.00000
631923.72710314766,5104055.7786131948,631923.72710300004,5104055.77861000040,1059.00000
633925.54469951103,5111573.9902594099,633925.54469999997,5111573.99026000030,1742.00000
635031.05513657827,5112967.9049133752,635031.05513700005,5112967.90491000000,971.00000
638613.40660921577,5095617.5067553101,638613.40660900006,5095617.50676000030,907.00000
631573.14725188259,5100627.2069662679,631573.14725200005,5100627.20696999970,1066.00000
637836.66855127504,5102808.5767219737,637836.66855099995,5102808.57672000020,1103.00000
634087.94327993924,5109758.3655134588,634087.94328000001,5109758.36550999990,1417.00000
637992.49997597083,5112990.4612030378,637992.49997600005,5112990.46119999980,1317.00000
641901.32803068904,5097847.4275875092,641901.32803099998,5097847.42759000040,566.00000
636279.05486811709,5106847.2998373648,636279.05486799998,5106847.29984000050,1396.00000
636362.15726364765,5111600.7379024848,636362.15726400004,5111600.73790000010,732.00000
640872.98592020548,5097807.0803681649,640872.98592000001,5097807.08036999960,716.00000
641090.07791660656,5098706.8552334309,641090.07791700005,5098706.85522999990,750.00000
633770.99219287862,5100919.960172887,633770.99219300004,5100919.96016999990,811.00000
633792.07277626009,5112840.7290265821,633792.07277600002,5112840.72903000000,1735.00000
635933.39360792702,5098555.501860667,635933.39360800001,5098555.50186000020,870.00000
636207.95904616232,5096411.5205405084,636207.95904600003,5096411.52053999990,1643.00000
641088.67931110249,5095815.0698514003,641088.67931100004,5095815.06984999960,726.00000
641468.54472393042,5102741.7556627737,641468.54472400004,5102741.75566000030,1148.00000
640396.97567789187,5095926.8960892661,640396.97567800002,5095926.89608999990,792.00000
640768.67362243542,5095682.9028925449,640768.67362200003,5095682.90288999960,779.00000
639713.05449196056,5112319.4346531229,639713.05449200002,5112319.43465000020,1769.00000
640696.66748265596,5103908.0259904992,640696.66748299997,5103908.02599000000,935.00000
636466.30423698109,5112434.7706219675,636466.30423699995,5112434.77061999960,771.00000
634961.98488448455,5101932.6089988081,634961.98488400003,5101932.60900000020,1207.00000
640337.16174775688,5110809.2386992145,640337.16174799995,5110809.23869999960,1766.00000
636002.42534445541,5108836.6620524293,636002.42534399999,5108836.66205000040,757.00000
635686.17189027276,5109822.0340337474,635686.17189000000,5109822.03402999970,710.00000
636131.44340059988,5096634.5640581176,636131.44340100000,5096634.56405999980,1467.00000
641196.60667964851,5102590.5233426923,641196.60667999997,5102590.52333999980,1025.00000
635006.50908202445,5096535.1932790782,635006.50908200000,5096535.19328000020,1546.00000
635424.00882918248,5105410.8817257918,635424.00882900006,5105410.88172999960,1328.00000
631841.31286412582,5110152.2107913578,631841.31286399998,5110152.21078999990,2247.00000
632972.10362524225,5100408.798587814,632972.10362499999,5100408.79858999980,645.00000
640542.1708464704,5098039.0821020557,640542.17084599996,5098039.08210000020,771.00000
634068.6332578857,5105246.4482404981,634068.63325800002,5105246.44823999980,687.00000
632714.42197982664,5113766.8169227829,632714.42197999998,5113766.81692000010,1177.00000
634635.85161588318,5103331.99971433,634635.85161600006,5103331.99971000010,1254.00000
640133.40944517078,5095725.1698656911,640133.40944500000,5095725.16987000030,911.00000
640322.44820049952,5096926.148280126,640322.44819999998,5096926.14828000030,718.00000
636091.40017185768,5100347.2188027818,636091.40017200005,5100347.21879999990,506.00000
634532.68887120299,5101093.442790553,634532.68887099996,5101093.44278999980,1141.00000
632423.58524340915,5110724.2311955085,632423.58524299995,5110724.23120000030,2206.00000
636822.42471009318,5098187.0278601814,636822.42471000005,5098187.02785999980,1035.00000
636190.65766577143,5109488.6337846974,636190.65766599996,5109488.63377999980,767.00000
637183.8299697364,5113055.7293509729,637183.82996999996,5113055.72934999970,1080.00000
633013.03057201277,5106106.3365176059,633013.03057199996,5106106.33652000040,956.00000
633372.25007627695,5107017.021890901,633372.25007600000,5107017.02189000040,1060.00000
639139.76170113368,5100645.253830051,639139.76170100004,5100645.25382999980,1137.00000
631921.0726147528,5096059.081785934,631921.07261499995,5096059.08179000020,833.00000
631173.48896009882,5098421.1401426001,631173.48895999999,5098421.14013999980,1319.00000
639850.82601751236,5101557.5617847564,639850.82601800002,5101557.56178000010,462.00000
630131.28473366168,5111645.082893068,630131.28473399999,5111645.08289000020,1708.00000
640512.90522693226,5112146.1708873017,640512.90522700001,5112146.17088999970,1932.00000
632037.89885840495,5110805.6738196015,632037.89885799994,5110805.67382000010,2005.00000
635264.53649620432,5095866.6007325752,635264.53649600002,5095866.60073000010,1778.00000
630254.69362874469,5113408.3764205035,630254.69362899999,5113408.37641999960,1294.00000
634679.03140787,5103576.7816489069,634679.03140800004,5103576.78165000030,1253.00000
634300.92609200883,5106916.528293239,634300.92609199998,5106916.52828999980,653.00000
637875.97433677455,5096771.8575689215,637875.97433700005,5096771.85757000000,1562.00000
636056.18906062015,5112400.5085090268,636056.18906100001,5112400.50851000010,746.00000
636866.9164952212,5108777.9189203372,636866.91649500001,5108777.91892000010,1240.00000
632795.00827205763,5110999.1075651338,632795.00827200001,5110999.10757000000,2157.00000
633402.19440742687,5109969.6372660175,633402.19440699997,5109969.63726999980,1782.00000
636141.39890670462,5096195.0024736114,636141.39890699997,5096195.00246999970,1805.00000
634073.84704623837,5098301.4638065435,634073.84704599995,5098301.46380999960,740.00000
633310.70365177945,5100692.286723854,633310.70365200005,5100692.28672000020,540.00000
638806.47653653868,5097568.4408314377,638806.47653700004,5097568.44082999970,1514.00000
631179.57025621645,5099692.9608969502,631179.57025600004,5099692.96090000030,1183.00000
635931.82844065106,5101230.4458236257,635931.82844099996,5101230.44582000000,731.00000
636677.99102649372,5114385.4641485363,636677.99102600000,5114385.46415000040,946.00000
643032.07248034643,5096791.870085205,643032.07247999997,5096791.87009000030,619.00000
633592.90337595495,5104796.7700482067,633592.90337600000,5104796.77005000040,612.00000
633218.90267723706,5102363.4364785301,633218.90267700003,5102363.43647999970,814.00000
632945.165373764,5097351.8577287756,632945.16537399997,5097351.85773000030,816.00000
634892.91234385036,5111749.7028169781,634892.91234399995,5111749.70282000020,1183.00000
635513.16471235163,5107198.6879988201,635513.16471200006,5107198.68800000010,907.00000
633054.36615380447,5098494.3481326532,633054.36615400005,5098494.34812999980,670.00000
638936.9123927711,5112663.5120390356,638936.91239299998,5112663.51204000040,1439.00000
633581.80355595471,5095705.4255199898,633581.80355600000,5095705.42552000000,1536.00000
631807.46255101042,5100923.4352801107,631807.46255099995,5100923.43527999990,847.00000
633886.61729585961,5106732.9692070344,633886.61729600001,5106732.96920999980,675.00000
633864.59216027102,5098559.3792914692,633864.59216000000,5098559.37928999960,644.00000
642188.11671450036,5096347.7708663885,642188.11671500001,5096347.77087000010,672.00000
635245.3920292824,5109711.320449885,635245.39202899998,5109711.32045000050,846.00000
641180.04401393619,5101596.2018064223,641180.04401399998,5101596.20181000050,462.00000
632439.71778361395,5111439.1077517737,632439.71778399998,5111439.10775000040,2190.00000
640314.75114869478,5104519.1939467695,640314.75114900002,5104519.19395000020,920.00000
640807.22008212714,5101699.2093424862,640807.22008200001,5101699.20933999960,472.00000
639588.75327758642,5103440.5487593235,639588.75327800005,5103440.54875999970,1262.00000
637717.44118973718,5106684.4732868103,637717.44119000004,5106684.47329000010,1628.00000
629970.81624564528,5100414.326122663,629970.81624600000,5100414.32612000030,1680.00000
631071.60235651722,5110705.7252869802,631071.60235700000,5110705.72529000040,1911.00000
640176.19649808633,5095927.8086870527,640176.19649799995,5095927.80869000030,837.00000
633529.95185654634,5114598.715396164,633529.95185700001,5114598.71540000010,901.00000
636307.24641638482,5099071.5942708785,636307.24641599995,5099071.59427000020,721.00000
636890.54224052432,5111914.6614242662,636890.54224099999,5111914.66141999980,829.00000
630972.62303910672,5105858.7583620632,630972.62303899997,5105858.75836000030,1272.00000
638527.2199565511,5095810.2577794623,638527.21995699999,5095810.25777999960,794.00000
634518.76663378091,5112006.2290988639,634518.76663400000,5112006.22910000010,1436.00000
635423.86170515313,5097310.4572674111,635423.86170500005,5097310.45727000010,1508.00000
629609.54344253242,5111243.12519655,629609.54344299994,5111243.12519999970,1935.00000
632633.19566553202,5104233.8289595041,632633.19566600001,5104233.82895999960,729.00000
635089.45976159652,5098427.0710475817,635089.45976200001,5098427.07105000040,789.00000
631703.24214374484,5102815.2760854727,631703.24214400002,5102815.27608999980,825.00000
633199.91714654805,5111897.3059937907,633199.91714699997,5111897.30599000030,2027.00000
632613.02076698979,5113541.6497317757,632613.02076700004,5113541.64972999970,1303.00000
636328.44004544127,5114593.6685208809,636328.44004500005,5114593.66851999980,817.00000
638116.18829336239,5110383.7404133081,638116.18829299998,5110383.74041000010,1400.00000
641529.03548222815,5096661.3363391683,641529.03548199998,5096661.33633999990,651.00000
636719.05230874615,5108926.5222106678,636719.05230900005,5108926.52221000010,1109.00000
637541.37798691378,5106310.7427621353,637541.37798700004,5106310.74275999980,1541.00000
633420.70275277726,5107376.8155491417,633420.70275299996,5107376.81555000040,1163.00000
638884.83895125473,5103497.0030096909,638884.83895100001,5103497.00301000010,1508.00000
639185.9781276416,5099146.4901976446,639185.97812800005,5099146.49019999990,1061.00000
632718.87598596374,5106538.6044887099,632718.87598600006,5106538.60448999980,1316.00000
637704.83987646899,5101372.396474666,637704.83987599995,5101372.39647000000,494.00000
637918.39150209865,5110427.773752979,637918.39150200004,5110427.77374999970,1349.00000
639344.03937902267,5105309.8966967165,639344.03937899997,5105309.89670000040,1058.00000
636893.77250473737,5104627.415546515,636893.77250500000,5104627.41555000000,1387.00000
641781.71429782349,5104742.0517843291,641781.71429799998,5104742.05178000030,1809.00000
636982.21439325507,5103123.7404326415,636982.21439300000,5103123.74043000020,1376.00000
639935.08120532241,5110504.7635376537,639935.08120500005,5110504.76353999970,1419.00000
636032.82139605004,5102291.4938744474,636032.82139599998,5102291.49387000040,1017.00000
639445.12721581478,5105586.085935872,639445.12721599999,5105586.08593999970,1139.00000
631103.43539525697,5110277.8310134094,631103.43539500004,5110277.83100999980,1967.00000
636776.43938633846,5101596.2773991637,636776.43938600004,5101596.27740000000,878.00000
637907.38255096355,5105426.2947654147,637907.38255099999,5105426.29476999960,1745.00000
632292.21622589277,5105733.2346156072,632292.21622599999,5105733.23462000020,1020.00000
638438.14093827864,5098745.2224255893,638438.14093800006,5098745.22243000010,1496.00000
637203.73215274932,5104958.3697592756,637203.73215299996,5104958.36976000010,1383.00000
632667.34703473723,5103725.6371836476,632667.34703499998,5103725.63717999960,642.00000
630405.30635539524,5111309.3293969249,630405.30635500001,5111309.32940000020,1803.00000
641366.94078509079,5103251.0448558806,641366.94078499998,5103251.04485999980,1209.00000
632233.32715847762,5105328.0466942592,632233.32715799997,5105328.04669000020,1108.00000
635907.98539519776,5114297.0269710226,635907.98539499997,5114297.02697000000,800.00000
633989.13561648468,5105861.9246150358,633989.13561600004,5105861.92461999970,631.00000
634826.16591042338,5098631.2745178845,634826.16590999998,5098631.27452000040,716.00000
630514.97519016871,5098442.4909405317,630514.97519000003,5098442.49093999990,1399.00000
633418.44193595252,5113769.3995758742,633418.44193600002,5113769.39958000000,1261.00000
635120.16260083881,5103660.4570662882,635120.16260100005,5103660.45706999950,1297.00000
633503.8616444954,5106340.760522496,633503.86164400005,5106340.76052000000,745.00000
637995.25903787627,5102084.9669985324,637995.25903800002,5102084.96700000020,668.00000
641265.12375545991,5104427.0553161185,641265.12375499995,5104427.05532000030,1344.00000
633551.0494783445,5112748.5738957804,633551.04947800003,5112748.57390000020,1847.00000
637205.85558444634,5105364.0960871354,637205.85558400000,5105364.09609000010,1436.00000
633677.489933779,5101622.2003782587,633677.48993399995,5101622.20038000030,927.00000
635885.8419841323,5096950.986705916,635885.84198400006,5096950.98670999990,1371.00000
639649.4344110497,5112599.2074808134,639649.43441099999,5112599.20748000030,1744.00000
632495.66987760761,5102004.839997828,632495.66987800004,5102004.83999999990,616.00000
635467.50062496681,5109590.1842913469,635467.50062499999,5109590.18429000020,741.00000
640501.37100786273,5102610.188097693,640501.37100799999,5102610.18809999990,715.00000
639993.8100561609,5101174.049082662,639993.81005600002,5101174.04908000030,776.00000
641302.06455781474,5095684.5540222749,641302.06455799995,5095684.55401999970,676.00000
634403.6802725594,5105388.3503724076,634403.68027300003,5105388.35037000010,840.00000
634839.51550180465,5112556.2494674977,634839.51550199999,5112556.24947000020,1227.00000
638902.77021019463,5099474.2278307732,638902.77020999999,5099474.22783000020,1030.00000
631839.50104681368,5111917.29654333,631839.50104700006,5111917.29653999950,2069.00000
638554.91128281388,5102397.184987084,638554.91128300002,5102397.18499000000,838.00000
640993.48583130003,5100571.7159229377,640993.48583100003,5100571.71592000030,1119.00000
641593.94159619126,5104041.3672991088,641593.94159599999,5104041.36730000000,1596.00000
637880.28123798617,5105671.5360161662,637880.28123800003,5105671.53602000050,1740.00000
635740.96181698539,5105839.0764563736,635740.96181699994,5105839.07646000010,1308.00000
640923.60156418697,5096916.5749173239,640923.60156400001,5096916.57491999960,669.00000
635229.38601435092,5112501.3755494058,635229.38601400005,5112501.37555000000,1031.00000
635706.16965650604,5105168.3170982096,635706.16965699999,5105168.31709999960,1490.00000
630985.32130114874,5112915.1462830305,630985.32130099996,5112915.14628000000,1547.00000
638346.24100199563,5100181.5797529509,638346.24100200005,5100181.57974999960,819.00000
630511.35987349297,5111688.8822997659,630511.35987299995,5111688.88229999970,1687.00000
638836.62494733662,5104027.8644223837,638836.62494699995,5104027.86442000050,1642.00000
639373.39367083437,5095266.653379784,639373.39367100003,5095266.65338000000,1392.00000
634026.57843704626,5107035.6674409099,634026.57843700005,5107035.66744000000,701.00000
630272.799440859,5106281.338556597,630272.79944099998,5106281.33856000010,1157.00000
633276.4467762867,5109650.5057987664,633276.44677599997,5109650.50580000040,1611.00000
632935.89925691916,5098095.5842946582,632935.89925699995,5098095.58428999970,668.00000
636020.76822114713,5113991.6405875208,636020.76822099998,5113991.64059000000,790.00000
631418.31273019011,5110209.8842594698,631418.31273000001,5110209.88425999970,2078.00000
639657.19917868008,5098229.9052811004,639657.19917899999,5098229.90527999960,1024.00000
631520.97654463316,5107287.2696225811,631520.97654499998,5107287.26962000040,1481.00000
639019.07505139557,5097355.6764299013,639019.07505099999,5097355.67643000000,1278.00000
640530.88673899812,5097349.0682167551,640530.88673899998,5097349.06821999980,732.00000
638985.76143459778,5104898.4903254053,638985.76143499999,5104898.49033000040,1324.00000
633404.73668629641,5100497.3698234558,633404.73668600002,5100497.36981999970,571.00000
641023.462281883,5097293.7508415449,641023.46228199999,5097293.75083999990,680.00000
639914.46901882975,5097790.3965299651,639914.46901899995,5097790.39652999960,891.00000
633226.41143649048,5113473.8794311481,633226.41143600002,5113473.87942999970,1444.00000
631950.75212570315,5111460.2087931912,631950.75212600001,5111460.20878999960,2029.00000
634249.18511386123,5112349.1330561321,634249.18511399999,5112349.13305999990,1573.00000
638789.29791151604,5102520.4019753858,638789.29791199998,5102520.40197999960,843.00000
640286.59139001544,5100563.0906715626,640286.59138999996,5100563.09066999980,1267.00000
635785.96664421819,5110230.4494762365,635785.96664400003,5110230.44948000000,739.00000
635822.6908519729,5114737.7605292629,635822.69085200003,5114737.76052999960,957.00000
639684.23508028523,5095306.02815706,639684.23508000001,5095306.02816000020,1354.00000
635583.51567593601,5102406.8256240785,635583.51567600004,5102406.82562000030,946.00000
642751.2742143746,5097186.0199731747,642751.27421399998,5097186.01996999980,598.00000
631934.79736707336,5112443.5118171517,631934.79736700002,5112443.51181999970,2020.00000
633031.59113885858,5107608.7245381474,633031.59113900003,5107608.72453999990,1474.00000
629500.70045679004,5100455.6059037596,629500.70045700006,5100455.60589999980,1767.00000
635663.68505487824,5102666.0172438547,635663.68505500001,5102666.01724000000,1057.00000
637836.01382684056,5113726.185990084,637836.01382700005,5113726.18599000010,1407.00000
632285.3446526411,5099969.3089481182,632285.34465300001,5099969.30895000040,825.00000
639158.78844245966,5104758.838990517,639158.78844200005,5104758.83899000010,1325.00000
633782.64492020058,5113260.3321468867,633782.64491999999,5113260.33215000010,1627.00000
642142.19181221887,5103747.1604190264,642142.19181200000,5103747.16041999960,1545.00000
637204.79164609103,5106792.5133448141,637204.79164600000,5106792.51334000010,1735.00000
636002.5153383651,5103713.8884798475,636002.51533800003,5103713.88848000020,1332.00000
635290.40133548912,5098397.5617439374,635290.40133499994,5098397.56173999980,791.00000
640134.04667080764,5100806.7064475138,640134.04667099996,5100806.70645000040,1158.00000
639591.72058122419,5104667.704215657,639591.72058099997,5104667.70421999970,1086.00000
632979.33250442019,5112703.0982301719,632979.33250400005,5112703.09822999970,1768.00000
636829.85786069697,5106296.7794407019,636829.85786100000,5106296.77943999970,1760.00000
630741.47854544583,5112441.0175231909,630741.47854499996,5112441.01752000020,1559.00000
636724.98245416256,5106841.5169797326,636724.98245400004,5106841.51697999980,1583.00000
635721.34755588218,5102940.4981956724,635721.34755599999,5102940.49820000030,1121.00000
635322.22642519441,5113405.3429501671,635322.22642500000,5113405.34295000040,768.00000
636597.38046235149,5109343.4390567811,636597.38046200003,5109343.43905999980,898.00000
638576.72832107497,5101236.4408794651,638576.72832100000,5101236.44087999970,496.00000
633991.29770220653,5100115.2218090948,633991.29770200001,5100115.22181000000,535.00000
642285.67305121897,5098371.6712816888,642285.67305099999,5098371.67128000040,617.00000
633138.13912547345,5096803.0894811591,633138.13912499999,5096803.08947999960,1099.00000
635797.77416057512,5106938.7575993864,635797.77416100004,5106938.75760000010,1133.00000
640172.26243710693,5098049.5573275238,640172.26243700006,5098049.55733000020,835.00000
636224.55773715931,5105435.922331023,636224.55773700005,5105435.92233000040,1598.00000
630944.37028621719,5103091.2293843478,630944.37028599996,5103091.22938000040,1072.00000
639294.35699856956,5103491.1709490903,639294.35699899995,5103491.17095000020,1419.00000
637584.98014243261,5104927.7533871727,637584.98014200001,5104927.75339000020,1489.00000
634831.05994137144,5099122.5357298674,634831.05994099996,5099122.53572999970,573.00000
636675.18287276081,5112500.1118439175,636675.18287300004,5112500.11184000040,817.00000
633067.41564200784,5111462.4361227006,633067.41564200004,5111462.43611999970,2197.00000
629770.16149784706,5102030.4082043935,629770.16149800003,5102030.40820000040,1619.00000
634864.50219604373,5106980.0001996513,634864.50219599996,5106980.00019999970,662.00000
641918.38909198903,5104013.7586036194,641918.38909199997,5104013.75860000030,1689.00000
637737.81679858326,5109019.2542282064,637737.81679900002,5109019.25423000010,1461.00000
631668.02179913619,5112526.3798769955,631668.02179899998,5112526.37987999990,1934.00000
631683.17284685385,5104764.9775219662,631683.17284699995,5104764.97752000020,1309.00000
634365.11634853086,5109469.3019728474,634365.11634900002,5109469.30197000040,1218.00000
637027.4462628623,5104848.6488286033,637027.44626300002,5104848.64883000030,1417.00000
637942.08927659434,5099162.0298637757,637942.08927700005,5099162.02986000010,1321.00000
636312.31592913275,5100438.7731458237,636312.31592900003,5100438.77314999980,498.00000
631314.1261337105,5107715.913095017,631314.12613400002,5107715.91309999950,1762.00000
637834.28187981294,5098965.6205330528,637834.28188000002,5098965.62053000000,1411.00000
637697.49954996957,5107164.1797486786,637697.49954999995,5107164.17975000010,1746.00000
640742.25112641498,5104147.6711301012,640742.25112599996,5104147.67112999970,929.00000
632991.54749653372,5106401.2400331991,632991.54749699996,5106401.24003000000,1113.00000
636537.91721129394,5101244.8457051562,636537.91721099999,5101244.84571000000,700.00000
635530.30928459996,5103497.3923818292,635530.30928499997,5103497.39238000010,1342.00000
635503.25067054876,5111219.9244691683,635503.25067099999,5111219.92447000000,854.00000
635960.38131238124,5099743.7580079911,635960.38131199998,5099743.75801000000,576.00000
634321.67400748958,5107861.1164796883,634321.67400700005,5107861.11648000030,849.00000
639786.34049703716,5097995.6834984235,639786.34049700003,5097995.68350000030,951.00000
640994.69179126958,5105433.7917264281,640994.69179099996,5105433.79172999970,1620.00000
637589.91795241996,5113185.1363778412,637589.91795200005,5113185.13638000000,1212.00000
630649.84914900805,5105112.6503540697,630649.84914900002,5105112.65034999980,1672.00000
640353.87386531837,5097917.4121905006,640353.87386499997,5097917.41218999960,794.00000
634675.67616069189,5096551.917031277,634675.67616100004,5096551.91703000010,1389.00000
634101.87318991683,5097176.3726818459,634101.87318999995,5097176.37268000000,1121.00000
638207.03146313142,5112696.7470028428,638207.03146299999,5112696.74700000040,1323.00000
629323.34102604026,5099489.3818131201,629323.34102599998,5099489.38181000020,1913.00000
635995.46019951731,5106679.3435941422,635995.46019999997,5106679.34358999970,1314.00000
640568.37722108327,5096711.854827553,640568.37722100003,5096711.85482999960,642.00000
636236.6750858801,5103662.0976190101,636236.67508600000,5103662.09762000010,1253.00000
631744.0984672152,5098042.8510098383,631744.09846699995,5098042.85101000030,1238.00000
639083.26465078117,5096650.2805721108,639083.26465100003,5096650.28057000040,925.00000
637337.79784586269,5112251.8532163911,637337.79784599994,5112251.85321999990,1019.00000
637070.87719018769,5100683.3544561593,637070.87719000003,5100683.35446000010,491.00000
635942.17857447383,5111335.2477383772,635942.17857400002,5111335.24773999960,738.00000
631812.05809812318,5111610.443152762,631812.05809800001,5111610.44314999970,2001.00000
642870.12685965956,5096106.1120912582,642870.12685999996,5096106.11209000000,647.00000
639275.50994643581,5102425.3086081212,639275.50994599995,5102425.30860999970,771.00000
635998.33534911112,5109630.5586370379,635998.33534899994,5109630.55864000040,714.00000
642461.93470702507,5103454.0040152231,642461.93470700004,5103454.00401999990,1316.00000
632161.68114519003,5099170.0357520934,632161.68114500004,5099170.03574999980,1157.00000
638743.62108265155,5110876.7809648616,638743.62108299998,5110876.78096000010,1647.00000
637614.74851404037,5099178.3623554008,637614.74851399998,5099178.36235999970,1243.00000
631727.4319241062,5113319.3625715403,631727.43192400003,5113319.36256999990,1510.00000
638306.87189419358,5104965.4103906676,638306.87189399998,5104965.41038999990,1612.00000
632716.28106326726,5111512.4043887313,632716.28106299997,5111512.40438999980,2084.00000
633320.27682930208,5099526.1466588583,633320.27682899998,5099526.14666000010,610.00000
640098.96580674546,5112019.0708451942,640098.96580699994,5112019.07084999980,1748.00000
637112.70896485215,5107655.5214493498,637112.70896500000,5107655.52144999990,1390.00000
635048.59390367975,5103301.4663347024,635048.59390400001,5103301.46633000020,1174.00000
634165.74102727347,5103092.2949284827,634165.74102700001,5103092.29492999990,1212.00000
639731.73402667686,5104399.4196734857,639731.73402700003,5104399.41966999970,980.00000
635131.78451965039,5113669.8707609288,635131.78451999999,5113669.87076000030,777.00000
630396.33209283906,5111977.2452042755,630396.33209299995,5111977.24519999980,1615.00000
640112.29870536237,5111196.2182965921,640112.29870499996,5111196.21829999980,1465.00000
638174.63786746492,5099289.6821014769,638174.63786699995,5099289.68209999990,1192.00000
633571.72996983014,5097651.5287148114,633571.72996999999,5097651.52871000020,813.00000
635999.65648053272,5109288.4324801266,635999.65648100001,5109288.43248000000,735.00000
639285.98961107014,5099887.3938636426,639285.98961100006,5099887.39386000020,1126.00000
633130.47109433822,5104721.9610231742,633130.47109400004,5104721.96102000030,637.00000
636043.58061314758,5104187.5106851887,636043.58061299997,5104187.51068999990,1620.00000
638322.47281701467,5098398.001636982,638322.47281700000,5098398.00164000040,1763.00000
633147.21547769813,5109247.5534359999,633147.21547800000,5109247.55343999990,1744.00000
638590.62318261305,5100074.8210563539,638590.62318300002,5100074.82106000000,972.00000
632473.78658142593,5109687.678641594,632473.78658099996,5109687.67863999960,2246.00000
631876.20518615795,5100339.7426154073,631876.20518599998,5100339.74261999970,1026.00000
638990.8306486418,5104327.6464805556,638990.83064900001,5104327.64647999960,1554.00000
631913.74212152022,5095700.3796233842,631913.74212199997,5095700.37961999980,889.00000
630920.30202057492,5105082.6431211783,630920.30202099995,5105082.64312000010,1599.00000
635083.04620188673,5109437.8493495397,635083.04620200000,5109437.84934999980,836.00000
638767.2526888469,5113226.8978854557,638767.25268899999,5113226.89788999970,1518.00000
635071.81639639125,5114635.2178791855,635071.81639599998,5114635.21788000040,806.00000
631616.75844036986,5099207.7978193797,631616.75844000001,5099207.79782000000,1224.00000
634731.57398035517,5096030.5938665187,634731.57397999999,5096030.59387000000,1454.00000
638179.06620961707,5112266.1638647318,638179.06620999996,5112266.16385999970,1239.00000
631606.96330263105,5111378.5414425414,631606.96330299997,5111378.54143999980,1947.00000
642826.91875405458,5096375.576586782,642826.91875399998,5096375.57658999970,652.00000
632935.86880939733,5096099.6029494032,632935.86880900001,5096099.60295000020,1191.00000
640044.79667867871,5096389.9532939233,640044.79667900002,5096389.95328999960,745.00000
630763.70639704796,5109911.5739358971,630763.70639700000,5109911.57393999960,2020.00000
633589.51497441554,5095208.5507613588,633589.51497400005,5095208.55076000000,1673.00000
632539.46526606265,5110112.2959802793,632539.46526600001,5110112.29597999990,2254.00000
635456.6143464169,5108797.8633300839,635456.61434600002,5108797.86333000010,706.00000
638259.42167083593,5105432.2668379946,638259.42167099996,5105432.26683999970,1611.00000
636259.41658939421,5098189.3022115463,636259.41658900003,5098189.30221000030,1039.00000
635970.71772559243,5114554.2687471928,635970.71772600000,5114554.26874999980,883.00000
639674.55899121985,5111236.1448351005,639674.55899100006,5111236.14484000020,1508.00000
636529.85562607204,5113170.6418084987,636529.85562599998,5113170.64180999990,786.00000
631204.44682635763,5111866.1525290199,631204.44682600000,5111866.15252999960,1947.00000
630482.45748148672,5099177.9098940166,630482.45748099999,5099177.90988999980,1428.00000
638636.79659783014,5096787.6338682808,638636.79659799999,5096787.63387000000,1246.00000
631950.507977281,5103518.3041615728,631950.50797699997,5103518.30415999980,918.00000
640402.7453827071,5098826.7256649621,640402.74538300000,5098826.72566000000,869.00000
632377.33213217568,5095635.1028126795,632377.33213200001,5095635.10281000010,1096.00000
636765.11912900512,5100806.4457572941,636765.11912900000,5100806.44575999960,493.00000
631660.39946627966,5098403.2950625038,631660.39946600003,5098403.29506000040,1298.00000
635284.81747057498,5109260.8253467567,635284.81747100002,5109260.82534999960,746.00000
636290.5507502245,5097172.192950218,636290.55075000005,5097172.19295000010,1334.00000
636715.80038689519,5112166.0602475349,636715.80038699997,5112166.06025000010,811.00000
633510.61639166204,5102170.9907604689,633510.61639200000,5102170.99076000040,1013.00000
635444.47512482526,5111875.7987968596,635444.47512500000,5111875.79880000000,954.00000
640007.00748556748,5105552.0995790754,640007.00748599996,5105552.09958000020,917.00000
630310.04159400612,5099445.3843065873,630310.04159399995,5099445.38430999960,1491.00000
635240.94681859657,5102795.1667713337,635240.94681899995,5102795.16677000000,1117.00000
639057.34871225897,5096972.9485596037,639057.34871199995,5096972.94856000040,1103.00000
638279.05251605611,5107875.0273333834,638279.05251600000,5107875.02733000000,1912.00000
633250.69909641217,5110172.0064389575,633250.69909600005,5110172.00643999970,1957.00000
632118.08533913898,5107957.7796236118,632118.08533899998,5107957.77962000020,1971.00000
641845.95468229929,5097225.9702588981,641845.95468199998,5097225.97025999990,618.00000
636754.77978615451,5109898.1834524861,636754.77978600003,5109898.18345000040,881.00000
636318.7529304733,5113516.9596902663,636318.75292999996,5113516.95968999990,779.00000
630509.35351981746,5110615.6075578453,630509.35352000000,5110615.60756000040,1953.00000
637283.71178004751,5102625.7413608106,637283.71178000001,5102625.74136000030,1213.00000
639108.09456597641,5102860.1147849206,639108.09456600004,5102860.11478000040,1026.00000
632097.32313698018,5111970.5605419669,632097.32313699997,5111970.56054000000,2146.00000
633334.97324552108,5112628.6607797947,633334.97324600001,5112628.66077999960,1889.00000
634872.28347402276,5106601.7332002949,634872.28347400005,5106601.73319999970,728.00000
639260.76616135018,5097173.8236794798,639260.76616100001,5097173.82368000040,1054.00000
634232.58502545464,5095580.0793018062,634232.58502500004,5095580.07930000030,1511.00000
633551.19010995841,5108728.9501513094,633551.19010999997,5108728.95014999990,1264.00000
631139.98552803474,5098823.2979764817,631139.98552800005,5098823.29798000030,1209.00000
639715.19479136623,5100655.1404896714,639715.19479099999,5100655.14049000010,1130.00000
630527.29404400918,5100653.8996366877,630527.29404399998,5100653.89964000040,1432.00000
636097.99771454313,5102966.5946593918,636097.99771499995,5102966.59465999990,1045.00000
634221.11265490926,5114865.7624615654,634221.11265499995,5114865.76245999990,905.00000
635298.28210609592,5100684.3887049071,635298.28210600000,5100684.38870000000,690.00000
637626.34595484566,5107807.8154715206,637626.34595500003,5107807.81546999980,1676.00000
639945.7110967926,5104993.6409016736,639945.71109700005,5104993.64090000000,840.00000
634282.93187865696,5104791.1973250872,634282.93187900004,5104791.19732999990,972.00000
636580.81741534895,5102648.7823237292,636580.81741500006,5102648.78232000020,1320.00000
631217.37726552342,5101148.0444596373,631217.37726600002,5101148.04445999950,1070.00000
640073.00880784984,5099514.5885728328,640073.00880800001,5099514.58856999970,1229.00000
642232.23405890609,5096952.127617362,642232.23405900004,5096952.12762000040,648.00000
629066.60944444849,5100805.1382439807,629066.60944399994,5100805.13824000020,1780.00000
632021.69378060196,5111224.2803455498,632021.69378099998,5111224.28034999970,2068.00000
633872.8296126452,5103800.6298685428,633872.82961300004,5103800.62987000030,903.00000
633359.61036562233,5097818.9571782025,633359.61036599998,5097818.95717999990,741.00000
629460.07205350325,5099682.1579091763,629460.07205399999,5099682.15790999960,1803.00000
635127.57660342823,5110879.9385532821,635127.57660300005,5110879.93855000010,1077.00000
635486.3063663576,5114607.054557506,635486.30636599998,5114607.05456000010,825.00000
634651.73945482704,5107456.840919001,634651.73945500003,5107456.84092000030,692.00000
637609.04273695685,5098805.5539336465,637609.04273700004,5098805.55393000040,1292.00000
632019.40704516775,5102666.3000008846,632019.40704500000,5102666.29999999980,684.00000
632780.34024688811,5105115.3881916497,632780.34024699999,5105115.38819000030,815.00000
635419.60493830964,5096246.1554991128,635419.60493799997,5096246.15550000030,1842.00000
632205.23420070554,5105071.5331165055,632205.23420099996,5105071.53311999980,1116.00000
640106.20547434408,5102714.6042922009,640106.20547399996,5102714.60429000020,866.00000
635716.87671555486,5100234.7172842901,635716.87671600003,5100234.71728000040,510.00000
633430.89885209803,5096659.8185255863,633430.89885200001,5096659.81852999980,1189.00000
633531.35297529236,5108456.623716672,633531.35297500005,5108456.62371999960,1204.00000
641124.92237673223,5105085.9142312771,641124.92237699998,5105085.91423000020,1588.00000
641886.49355848238,5102200.2169317184,641886.49355799996,5102200.21693000010,788.00000
633940.00638621033,5095238.1210534908,633940.00638599996,5095238.12105000020,1774.00000
637778.71341086167,5111645.0039825719,637778.71341099998,5111645.00397999960,1188.00000
638900.57952211099,5113040.2671235409,638900.57952200004,5113040.26712000000,1445.00000
641253.79095080309,5096201.2023990136,641253.79095099994,5096201.20239999980,687.00000
634341.3863444163,5097022.6723030182,634341.38634400000,5097022.67229999970,1200.00000
634991.57142283325,5114905.6234179921,634991.57142299996,5114905.62342000010,921.00000
632435.30908848089,5101564.0429511536,632435.30908799998,5101564.04294999970,665.00000
637184.26696759684,5113897.1767137684,637184.26696799998,5113897.17671000030,1217.00000
633907.68618460768,5113644.5988192614,633907.68618500000,5113644.59882000000,1482.00000
637221.88754870743,5099875.1506481348,637221.88754899998,5099875.15065000020,691.00000
632531.51840003068,5108696.3676669747,632531.51839999994,5108696.36766999960,1789.00000
640955.63724704715,5104895.9755877489,640955.63724700001,5104895.97558999990,1424.00000
636940.9553361088,5108257.7694632541,636940.95533599996,5108257.76946000010,1352.00000
640832.99879080872,5104377.5760502527,640832.99879099999,5104377.57605000030,1086.00000
641970.49649964739,5095399.2437845813,641970.49650000001,5095399.24378000010,670.00000
637071.04644792457,5107197.2139426479,637071.04644800001,5107197.21394000020,1461.00000
638805.03259761934,5100496.2037299266,638805.03259800002,5100496.20373000020,1099.00000
631979.11116657709,5097126.9610696165,631979.11116700002,5097126.96107000020,825.00000
642592.94871078327,5095635.7494354937,642592.94871100003,5095635.74944000040,662.00000
638178.55320895114,5109234.6947242264,638178.55320900003,5109234.69472000000,1691.00000
633390.42226655607,5111659.4257964958,633390.42226699996,5111659.42580000030,1993.00000
635928.30219845066,5100520.2859919304,635928.30219800002,5100520.28598999980,501.00000
639700.66411745129,5103818.7863661647,639700.66411699995,5103818.78636999990,1139.00000
633312.52718182525,5108065.408341974,633312.52718199999,5108065.40833999960,1397.00000
639753.93959325668,5105576.2191509847,639753.93959299999,5105576.21915000030,932.00000
629865.83626234357,5111367.6629340593,629865.83626200003,5111367.66292999960,1943.00000
636589.99659135449,5104887.9912340818,636589.99659100000,5104887.99122999980,1647.00000
632781.65298841731,5099320.3877614299,632781.65298799996,5099320.38776000030,878.00000
640305.66802701424,5096649.5480672074,640305.66802700004,5096649.54806999960,659.00000
634420.95561186993,5103341.2047336437,634420.95561199996,5103341.20473000030,1272.00000
634986.91047043353,5102381.5803750856,634986.91047000000,5102381.58038000020,1284.00000
632294.04804874898,5112029.5148788458,632294.04804899998,5112029.51487999970,2015.00000
634688.0627051614,5109093.5353754498,634688.06270500005,5109093.53538000020,989.00000
636028.50575201097,5109035.9124041134,636028.50575200003,5109035.91239999980,748.00000
635564.42009782582,5112519.0438875426,635564.42009799997,5112519.04389000030,812.00000
632404.30873223511,5113979.7562461374,632404.30873199995,5113979.75624999960,981.00000
639726.29391206685,5101817.0132178906,639726.29391200002,5101817.01322000010,462.00000
639376.38721625064,5100398.1104703229,639376.38721600000,5100398.11046999970,1216.00000
634785.10775035585,5095802.7260357477,634785.10774999997,5095802.72604000010,1409.00000
640861.35248757806,5097515.3064446617,640861.35248799995,5097515.30644000040,712.00000
635556.59086437256,5096599.1646453245,635556.59086400003,5096599.16464999970,1737.00000
634465.32987514744,5108722.0469405847,634465.32987500005,5108722.04693999980,915.00000
631005.2788129776,5100605.3569988608,631005.27881299995,5100605.35699999980,1232.00000
641859.25873808237,5095141.0585781047,641859.25873799995,5095141.05858000000,649.00000
633356.78314247157,5108954.7769753113,633356.78314199997,5108954.77697999960,1456.00000
637364.22461369541,5097969.5718296189,637364.22461399995,5097969.57182999980,1324.00000
633379.47264601139,5101755.8539780062,633379.47264599998,5101755.85398000010,864.00000
632444.80456086888,5104525.8853667844,632444.80456099997,5104525.88537000030,928.00000
635362.95664934337,5106235.2844412411,635362.95664900006,5106235.28443999960,1051.00000
636584.7996256951,5099121.2730556997,636584.79962599999,5099121.27305999960,748.00000
642567.08826047345,5097822.2440079404,642567.08825999999,5097822.24400999960,535.00000
639051.2527935931,5104100.9978510495,639051.25279399997,5104100.99784999990,1491.00000
635563.64568544482,5098153.8811892346,635563.64568500000,5098153.88119000010,968.00000
635554.69077132468,5098591.6606283728,635554.69077099999,5098591.66062999980,774.00000
636689.30096281809,5111167.4536007661,636689.30096300005,5111167.45359999970,775.00000
633116.51635482139,5110334.8093660809,633116.51635499997,5110334.80936999990,1964.00000
636100.19655409828,5107827.7253612382,636100.19655400002,5107827.72535999960,953.00000
633151.28569179587,5097191.9036937617,633151.28569199995,5097191.90369000010,895.00000
633751.87507940747,5111143.3162425077,633751.87507900002,5111143.31623999960,1765.00000
632615.4877371653,5106118.6327708159,632615.48773699999,5106118.63277000000,1005.00000
633688.95510273962,5096809.0859042332,633688.95510300004,5096809.08590000030,1043.00000
632778.20897279703,5095762.5346785011,632778.20897299994,5095762.53467999960,1315.00000
639729.02038898633,5097081.9238443011,639729.02038899995,5097081.92384000030,872.00000
633929.008500061,5104943.3155524004,633929.00850000000,5104943.31555000040,702.00000
638181.21497700282,5113676.210115701,638181.21497700003,5113676.21011999990,1556.00000
634544.73187837866,5106361.3308449835,634544.73187799996,5106361.33084000000,694.00000
641698.68963648297,5098191.5450976053,641698.68963599997,5098191.54509999980,637.00000
639196.33123597014,5098444.4477379024,639196.33123600006,5098444.44773999970,1259.00000
632717.08020075911,5110581.2885727584,632717.08020099998,5110581.28856999990,2064.00000
630665.24980401341,5099724.1996749248,630665.24980400002,5099724.19967000000,1327.00000
635817.85142772831,5098996.9899637168,635817.85142800002,5098996.98995999990,689.00000
641110.71212813328,5098391.5919656837,641110.71212799998,5098391.59197000040,739.00000
642362.08322220948,5103204.3507785974,642362.08322200004,5103204.35078000000,1396.00000
636650.60483742447,5102975.3329649074,636650.60483700002,5102975.33296000030,1313.00000
634064.2310453055,5095915.9729120135,634064.23104500002,5095915.97291000000,1296.00000
633597.56296117953,5098252.917478811,633597.56296100002,5098252.91748000030,674.00000
641992.49920669815,5101721.687269615,641992.49920700002,5101721.68726999960,503.00000
634655.27282352082,5108092.4658592064,634655.27282399999,5108092.46585999990,787.00000
632230.50611357053,5100346.849888254,632230.50611399999,5100346.84989000020,870.00000
637270.51168374065,5106190.3026939919,637270.51168400003,5106190.30269000030,1642.00000
637461.18809783843,5101291.5764909945,637461.18809800001,5101291.57648999990,513.00000
632551.52612769301,5099195.6082661971,632551.52612800000,5099195.60826999970,1032.00000
635856.18638708466,5096547.0193468463,635856.18638700002,5096547.01934999970,1495.00000
638440.08651592804,5112557.7097873017,638440.08651599998,5112557.70978999980,1295.00000
636843.65898356156,5107150.5856760396,636843.65898399998,5107150.58567999960,1404.00000
641572.37588757591,5095268.0181837967,641572.37588800001,5095268.01817999970,652.00000
636528.04114824184,5108832.2440567976,636528.04114800005,5108832.24406000040,997.00000
634363.24578823312,5098442.2764665205,634363.24578799994,5098442.27646999990,750.00000
639829.14152522292,5102018.899992025,639829.14152499998,5102018.89998999980,509.00000
635089.07898924383,5105996.7087686127,635089.07898899994,5105996.70877000040,1018.00000
632227.4347817396,5104708.6206198307,632227.43478200003,5104708.62062000020,1072.00000
639333.51080380031,5103135.5242873505,639333.51080399996,5103135.52429000010,1217.00000
630673.49898727261,5100497.2050023228,630673.49898699997,5100497.20500000010,1393.00000
633382.50577945716,5104564.0714174667,633382.50577900000,5104564.07141999990,613.00000
632742.92225699231,5097931.1533447895,632742.92225700000,5097931.15333999970,704.00000
630511.69165009656,5102318.0667443285,630511.69165000005,5102318.06673999970,1395.00000
635355.59947765863,5097928.6479448872,635355.59947799996,5097928.64793999960,1029.00000
633595.05804825865,5106573.2990759863,633595.05804799998,5106573.29908000030,766.00000
640134.95773080271,5095120.5183539242,640134.95773100003,5095120.51834999960,1014.00000
636234.54094328568,5105935.2778901914,636234.54094300000,5105935.27788999960,1533.00000
639655.89237797295,5096417.9147116337,639655.89237799996,5096417.91471000020,691.00000
631408.19956157112,5111240.5148985628,631408.19956199999,5111240.51489999980,1979.00000
639312.98152153241,5111951.2150039049,639312.98152200005,5111951.21499999990,1763.00000
637902.26889609708,5113236.2405069824,637902.26889599999,5113236.24050999990,1358.00000
634750.72259469936,5106118.1813355386,634750.72259500006,5106118.18133999970,792.00000
634685.13444100262,5111755.9848801661,634685.13444099994,5111755.98488000040,1341.00000
635537.50648412923,5101827.0288215466,635537.50648400001,5101827.02881999970,893.00000
638588.44776724058,5100809.6881628809,638588.44776699995,5100809.68816000040,852.00000
640367.42663940403,5103043.0609538229,640367.42663899995,5103043.06094999980,819.00000
633670.32744702697,5107285.8691064995,633670.32744699996,5107285.86911000030,991.00000
630105.36247826088,5099678.3080478478,630105.36247800000,5099678.30805000010,1566.00000
634695.30166249839,5105690.9108833736,634695.30166200001,5105690.91088000030,958.00000
632700.15954286954,5098572.3242662642,632700.15954300005,5098572.32426999970,873.00000
636139.69963261345,5104664.830653308,636139.69963299995,5104664.83064999990,1782.00000
640164.23021148471,5099261.96162601,640164.23021099996,5099261.96162999980,1081.00000
637685.2042677654,5105342.6408816837,637685.20426799997,5105342.64087999980,1620.00000
633953.17252876912,5101066.6828960879,633953.17252899997,5101066.68290000040,1043.00000
638227.717775753,5097299.8035765802,638227.71777600003,5097299.80358000010,1621.00000
632704.58527917112,5101701.4476079009,632704.58527899999,5101701.44761000010,615.00000
640134.17820244236,5104056.3085441571,640134.17820199998,5104056.30853999960,793.00000
637166.1000631277,5102966.6228285544,637166.10006299999,5102966.62282999980,1436.00000
639587.53042521561,5095495.8318052059,639587.53042500000,5095495.83181000040,1296.00000
631325.90409554017,5110415.0483383164,631325.90409600001,5110415.04834000020,2074.00000
640149.18591592554,5105323.0217178892,640149.18591600005,5105323.02171999960,1046.00000
633457.11400545179,5113498.181946218,633457.11400499998,5113498.18195000010,1503.00000
642137.38658910699,5095668.5823714864,642137.38658900000,5095668.58237000000,676.00000
638058.67025534203,5109761.7724651322,638058.67025500000,5109761.77247000020,1599.00000
632996.62111577811,5109583.8017075071,632996.62111599999,5109583.80171000030,1797.00000
630080.92619631905,5102496.3192614932,630080.92619599996,5102496.31926000030,1537.00000
630744.53488216782,5111517.8449829835,630744.53488199995,5111517.84497999960,1753.00000
636131.2838687076,5113022.1327346135,636131.28386900004,5113022.13272999970,764.00000
631388.5688597695,5099199.9369654143,631388.56886000000,5099199.93697000020,1158.00000
636154.41431540065,5113838.9414860373,636154.41431499994,5113838.94149000010,790.00000
634938.76049598795,5096875.5389776984,634938.76049599994,5096875.53897999970,1552.00000
637348.764595635,5109029.0298979813,637348.76459599996,5109029.02990000040,1345.00000
640482.24742153939,5099382.9347512769,640482.24742200004,5099382.93475000000,1143.00000
636659.27157377114,5101057.290102521,636659.27157400001,5101057.29009999990,559.00000
632502.52400926338,5096883.0427704118,632502.52400900004,5096883.04277000020,811.00000
631775.99794858426,5101169.1643911917,631775.99794899998,5101169.16438999960,879.00000
636839.45500439836,5097405.9288878534,636839.45500399999,5097405.92889000010,1303.00000
631162.58208180661,5113328.7900494784,631162.58208199998,5113328.79005000000,1388.00000
640061.6787098865,5100579.1384819159,640061.67871000001,5100579.13848000020,1301.00000
636205.97158243728,5102520.8705587946,636205.97158200003,5102520.87055999970,1143.00000
636971.892102891,5097883.5299850414,636971.89210299996,5097883.52998999970,1228.00000
636684.861262177,5107275.8611589177,636684.86126200005,5107275.86115999990,1322.00000
632041.21304760664,5101375.9369555367,632041.21304800001,5101375.93695999960,764.00000
634115.2860606442,5110226.3598218178,634115.28606099996,5110226.35981999990,1509.00000
629566.92566874577,5110956.3909070771,629566.92566900002,5110956.39090999960,2104.00000
632378.90478115669,5096709.8463545283,632378.90478099999,5096709.84635000020,824.00000
636314.71545039525,5111893.5567683857,636314.71545000002,5111893.55676999970,740.00000
635920.87834016443,5114919.8601629725,635920.87834000005,5114919.86015999970,1094.00000
639310.37939459598,5109926.2617319226,639310.37939500005,5109926.26173000040,1415.00000
642170.13060835295,5102240.7919333279,642170.13060799998,5102240.79193000030,895.00000
639782.6963558424,5102659.7349837516,639782.69635600003,5102659.73498000020,910.00000
630771.63617550698,5102380.1848154049,630771.63617600000,5102380.18482000010,1276.00000
631345.29926037311,5098038.657939747,631345.29926000000,5098038.65794000030,1356.00000
630874.93547325151,5106397.4927999061,630874.93547300005,5106397.49280000010,1052.00000
635278.01947097597,5113206.7495711613,635278.01947099995,5113206.74957000000,812.00000
637509.87200612458,5106861.0623661391,637509.87200600002,5106861.06237000040,1681.00000
630441.7804215569,5106865.5149958301,630441.78042199998,5106865.51499999970,1249.00000
639976.15691899846,5112804.2840514928,639976.15691899997,5112804.28404999990,1777.00000
637537.89042330743,5097417.1708750278,637537.89042299998,5097417.17088000010,1439.00000
636989.17670489126,5099444.0007905057,636989.17670499999,5099444.00079000000,728.00000
637036.17153798556,5111603.7470653746,637036.17153800000,5111603.74706999960,880.00000
637318.38991849031,5114385.5956683857,637318.38991799997,5114385.59566999970,1217.00000
631444.93202939862,5113167.2340495028,631444.93202900002,5113167.23405000010,1572.00000
643098.57685980585,5097073.2623778833,643098.57686000003,5097073.26238000020,600.00000
633189.72699270141,5095071.7982119843,633189.72699300002,5095071.79820999970,1540.00000
632407.10771924583,5101110.982863022,632407.10771899996,5101110.98285999990,733.00000
633920.02926354599,5097577.7947484367,633920.02926400001,5097577.79475000040,981.00000
632416.92546657869,5110485.5654639667,632416.92546699999,5110485.56546000020,2171.00000
639965.91518077324,5103582.8708270183,639965.91518100002,5103582.87083000040,975.00000
641103.11255845637,5104554.5842682719,641103.11255800002,5104554.58427000050,1386.00000
634450.33004826866,5108232.9336178405,634450.33004799997,5108232.93362000030,838.00000
630032.84742777993,5111825.9170227535,630032.84742799995,5111825.91701999960,1584.00000
637987.39481985325,5106065.4929354731,637987.39482000005,5106065.49294000030,1728.00000
632688.22201123135,5108125.0537956106,632688.22201100003,5108125.05379999990,1773.00000
639908.46922909631,5096715.1214915998,639908.46922900004,5096715.12148999980,727.00000
637646.94718621927,5102364.1986693135,637646.94718599995,5102364.19866999980,937.00000
637063.85347940726,5112372.0494007366,637063.85347900004,5112372.04939999990,925.00000
629680.2653643908,5099089.3585501639,629680.26536399999,5099089.35855000000,1767.00000
636024.31094262784,5107110.0179826245,636024.31094300002,5107110.01798000000,1184.00000
629647.47749018145,5098862.2658017734,629647.47748999996,5098862.26580000020,1718.00000
634589.58114280459,5102045.8962049037,634589.58114300005,5102045.89620000030,1299.00000
640793.76126512187,5100556.0784512758,640793.76126499998,5100556.07844999990,1149.00000
631342.83586460422,5105065.4775636755,631342.83586500003,5105065.47755999960,1439.00000
639557.1793199114,5102800.7007397795,639557.17932000000,5102800.70074000020,1032.00000
632553.18534734356,5100742.7036267901,632553.18534700002,5100742.70363000040,724.00000
635377.32566515054,5113686.3311486496,635377.32566500001,5113686.33115000000,772.00000
641469.77369812853,5098391.0117051713,641469.77369800000,5098391.01171000020,681.00000
632639.39024370105,5112006.6643303195,632639.39024400001,5112006.66433000010,2055.00000
637546.90871310188,5098096.8793594409,637546.90871300001,5098096.87935999970,1448.00000
634526.67294383724,5098098.2807711791,634526.67294399999,5098098.28077000010,844.00000
630040.86792513542,5101740.1457665628,630040.86792500003,5101740.14577000030,1512.00000
638675.4256930484,5103208.6975057572,638675.42569299997,5103208.69751000030,1318.00000
630303.15895339509,5100462.9806739399,630303.15895299998,5100462.98067000040,1550.00000
640410.1394598824,5101327.4634590838,640410.13945999998,5101327.46346000020,637.00000
640174.22397152788,5112623.7813669853,640174.22397199995,5112623.78137000000,1879.00000
634494.21141169849,5109268.4061765624,634494.21141200000,5109268.40617999990,1090.00000
639694.26663877117,5102301.918084776,639694.26663900004,5102301.91808000020,680.00000
638320.33214033954,5099068.719699394,638320.33213999995,5099068.71970000020,1308.00000
638415.64120879339,5101972.5583702764,638415.64120900002,5101972.55836999980,602.00000
636904.0592682861,5100116.4611577969,636904.05926799995,5100116.46116000040,535.00000
638613.77612112323,5110181.5491210669,638613.77612099994,5110181.54911999960,1580.00000
637975.54918717837,5104252.5942638125,637975.54918700003,5104252.59425999970,1603.00000
631246.18463026115,5107073.1392691927,631246.18463000003,5107073.13927000020,1436.00000
637072.84159061371,5107865.7188167423,637072.84159099997,5107865.71882000010,1419.00000
641128.23391879385,5102101.8871650184,641128.23391900002,5102101.88717000000,791.00000
634585.54567661299,5114883.5866514398,634585.54567699996,5114883.58665000000,904.00000
640331.72908468451,5095367.7934444109,640331.72908500000,5095367.79344000020,916.00000
634373.49409632641,5104058.0597612746,634373.49409599998,5104058.05975999960,1160.00000
636508.53201261698,5105488.5123150926,636508.53201299999,5105488.51231999970,1666.00000
634963.46068287001,5100763.747415673,634963.46068300004,5100763.74741999990,862.00000
642025.22808796552,5103137.3787527867,642025.22808799997,5103137.37875000010,1422.00000
637235.51308813971,5112854.9605638571,637235.51308800001,5112854.96055999960,1028.00000
636419.29805227474,5097777.7407268882,636419.29805200000,5097777.74072999970,950.00000
641757.27798083029,5104485.3796675866,641757.27798100002,5104485.37966999970,1690.00000
638304.16465609195,5109416.098028752,638304.16465599998,5109416.09803000000,1729.00000
635524.05079139094,5114934.8160636574,635524.05079100002,5114934.81606000010,932.00000
639251.84040738409,5112178.6362776039,639251.84040700004,5112178.63628000020,1724.00000
633566.82429416175,5112420.7434319742,633566.82429400005,5112420.74342999980,1990.00000
631070.4068570456,5099091.3438743176,631070.40685699997,5099091.34387000000,1230.00000
631367.39610815316,5102067.7809368465,631367.39610799996,5102067.78094000000,1019.00000
632333.92842126242,5104038.0944208773,632333.92842100002,5104038.09442000000,871.00000
633501.38683228847,5109378.5708259139,633501.38683199999,5109378.57082999960,1516.00000
636620.99872164975,5110371.1861339714,636620.99872200005,5110371.18613000030,816.00000
636910.39433949208,5096683.629664544,636910.39433899999,5096683.62966000010,1650.00000
638133.13719052868,5103926.2701153262,638133.13719100005,5103926.27011999950,1738.00000
641316.07966182381,5103807.9268814493,641316.07966199995,5103807.92688000020,1413.00000
631295.94153456611,5106653.8902450316,631295.94153499999,5106653.89025000020,1155.00000
638530.27989186987,5109072.5788232218,638530.27989200002,5109072.57882000040,1765.00000
635938.06662174547,5108624.7198180268,635938.06662199995,5108624.71982000020,760.00000
635627.99223507242,5103675.8544218699,635627.99223500001,5103675.85441999980,1384.00000
640106.58459482668,5103822.0363868708,640106.58459500002,5103822.03639000000,864.00000
630341.08471117029,5112348.2477388233,630341.08471099997,5112348.24773999960,1532.00000
632573.14098573918,5105468.275566129,632573.14098599995,5105468.27556999960,982.00000
630839.95489229809,5100911.6361458478,630839.95489199995,5100911.63614999970,1224.00000
641274.48311254452,5098589.1142114233,641274.48311300005,5098589.11421000030,724.00000
635948.4545443363,5096000.681866819,635948.45454399998,5096000.68187000040,1829.00000
636730.50425082108,5101984.681913347,636730.50425100001,5101984.68190999980,1083.00000
639928.24997250852,5103012.2753631752,639928.24997300003,5103012.27536000030,1002.00000
637164.98247230088,5108048.8985240432,637164.98247199995,5108048.89852000030,1517.00000
639595.50805224921,5109898.524528129,639595.50805199996,5109898.52453000010,1303.00000
636844.28044865886,5104356.8165109027,636844.28044899995,5104356.81651000030,1327.00000
637675.81008754601,5101062.2656953093,637675.81008800003,5101062.26570000030,484.00000
633559.09727103822,5098928.6859569661,633559.09727100004,5098928.68596000040,583.00000
637290.18472829834,5097003.9538751328,637290.18472799996,5097003.95387999990,1565.00000
636421.38434882881,5107014.8039719649,636421.38434900006,5107014.80396999980,1381.00000
631515.59173829283,5102417.7734122025,631515.59173800005,5102417.77340999990,974.00000
641153.73867479991,5097096.9654773567,641153.73867500003,5097096.96547999980,657.00000
635720.0390462433,5099957.4144425765,635720.03904599999,5099957.41444000040,520.00000
636271.19435333856,5103371.9502337594,636271.19435300003,5103371.95022999960,1155.00000
634521.80403016205,5095576.2983368654,634521.80403000000,5095576.29834000020,1415.00000
630450.50130838028,5101096.413810893,630450.50130799995,5101096.41380999980,1288.00000
641407.60332622193,5097293.9116818449,641407.60332600004,5097293.91167999990,615.00000
632139.56734386098,5112344.9709731359,632139.56734399998,5112344.97097000010,2031.00000
639499.85398060246,5110823.2212772667,639499.85398100002,5110823.22128000020,1511.00000
637530.28115676995,5103860.6549062263,637530.28115699999,5103860.65491000000,1500.00000
633449.73179105297,5114244.6422059834,633449.73179100000,5114244.64221000020,932.00000
642213.20454203477,5096564.2170869708,642213.20454199996,5096564.21709000040,672.00000
632255.71227062156,5108425.78707367,632255.71227100003,5108425.78706999960,1809.00000
636371.69004499586,5110222.1041982453,636371.69004500005,5110222.10419999990,733.00000
633979.28270636662,5104701.7595958235,633979.28270600003,5104701.75960000050,825.00000
635223.73021124792,5099175.3141942853,635223.73021099996,5099175.31419000030,587.00000
632613.63020491751,5097138.4681231417,632613.63020500005,5097138.46812000030,746.00000
632815.43066221336,5113061.4806271847,632815.43066199997,5113061.48063000010,1605.00000
631481.48177627579,5103329.0736434329,631481.48177600000,5103329.07364000010,1005.00000
629492.07065898704,5110296.9659640286,629492.07065899996,5110296.96595999970,2189.00000
642324.09583489795,5095943.6688460726,642324.09583500004,5095943.66885000000,674.00000
629772.59118313156,5099751.2056016251,629772.59118300001,5099751.20560000000,1685.00000
632131.29447736242,5112877.7148092585,632131.29447700002,5112877.71480999980,1810.00000
632245.89434508514,5101396.2272543777,632245.89434500004,5101396.22725000050,723.00000
640804.1187725669,5102116.7022278029,640804.11877299997,5102116.70222999990,714.00000
631732.07242736151,5106959.3633157164,631732.07242700004,5106959.36331999950,1417.00000
632092.82682794193,5109758.3850654997,632092.82682800002,5109758.38506999980,2337.00000
638795.64116902906,5101753.8432742562,638795.64116899995,5101753.84327000010,476.00000
633919.90853489051,5114771.1734382985,633919.90853500005,5114771.17344000000,943.00000
641967.11072504835,5096812.6523364298,641967.11072500004,5096812.65233999960,659.00000
637022.12102973228,5112658.2492472902,637022.12103000004,5112658.24925000030,923.00000
632945.36242428445,5103637.3005091995,632945.36242400005,5103637.30051000040,595.00000
637456.51070008217,5096562.6476399805,637456.51069999998,5096562.64764000010,1558.00000
631602.84338927083,5106532.7405533493,631602.84338900005,5106532.74055000020,1176.00000
633604.50471212785,5109984.3152352972,633604.50471200002,5109984.31524000040,1767.00000
634567.49194707,5107237.8332137726,634567.49194700003,5107237.83320999980,661.00000
638876.55745467078,5112216.3193150591,638876.55745500000,5112216.31931999980,1519.00000
640711.0671124456,5101107.3286824953,640711.06711199996,5101107.32868000030,856.00000
638652.34478334163,5111617.7174163945,638652.34478299995,5111617.71741999970,1498.00000
631871.10074754292,5105515.5459606508,631871.10074799997,5105515.54595999980,1183.00000
640210.45474512374,5104916.2528061811,640210.45474500000,5104916.25281000040,1056.00000
641158.09299446805,5101195.1121078944,641158.09299399995,5101195.11211000010,865.00000
631776.86642903194,5102179.9327943567,631776.86642900005,5102179.93279000000,860.00000
634152.98493841768,5096565.1087343544,634152.98493799998,5096565.10873000040,1120.00000
635951.67880120967,5110956.7255000602,635951.67880100000,5110956.72549999970,726.00000
634499.65716731711,5097696.9334722236,634499.65716700000,5097696.93346999960,1193.00000
636838.28274479636,5111652.8993590828,636838.28274499997,5111652.89936000020,815.00000
632827.77367141552,5110222.5313284164,632827.77367100003,5110222.53132999970,2093.00000
632606.80237300182,5095656.1154893637,632606.80237299995,5095656.11548999980,1201.00000
637606.80135879212,5108582.8213598551,637606.80135900003,5108582.82136000040,1618.00000
631435.86849292158,5103680.2469577845,631435.86849300005,5103680.24696000010,1212.00000
632747.6850816228,5109096.0350555778,632747.68508199998,5109096.03505999970,1814.00000
628900.85475331428,5112027.8945968226,628900.85475299996,5112027.89460000020,2066.00000
637078.42110852269,5106017.1347238291,637078.42110899999,5106017.13472000040,1652.00000
640412.45884902624,5101947.6711694533,640412.45884900005,5101947.67117000000,487.00000
641765.39369603666,5101304.0498475805,641765.39369599998,5101304.04985000010,740.00000
636235.25089947938,5099376.8130160421,636235.25089899998,5099376.81302000020,645.00000
635378.38390397886,5104366.6659951769,635378.38390400005,5104366.66600000020,1420.00000
633580.78818396479,5105403.3333186898,633580.78818399995,5105403.33332000020,643.00000
631553.51582939317,5105391.7162160315,631553.51582900004,5105391.71621999980,1286.00000
631272.67379848799,5110896.3462776355,631272.67379799997,5110896.34628000020,2063.00000
641397.27143627545,5104694.4894527169,641397.27143600001,5104694.48945000020,1518.00000
637682.54398584249,5112967.6307943687,637682.54398600000,5112967.63078999990,1202.00000
635296.62367894163,5096448.4797624499,635296.62367899995,5096448.47975999960,1736.00000
632597.24767640431,5107346.3158960762,632597.24767600000,5107346.31589999980,1653.00000
637194.16585204145,5103721.54946349,637194.16585200001,5103721.54946000040,1347.00000
629980.1163576009,5099974.3587611374,629980.11635799997,5099974.35876000020,1647.00000
634917.83572367323,5097674.4117467282,634917.83572400000,5097674.41175000000,1105.00000
633880.4534257499,5105496.278773482,633880.45342599996,5105496.27876999970,624.00000
636882.30019720923,5109726.6712852707,636882.30019700003,5109726.67129000000,960.00000
631719.29256548185,5107905.6105833454,631719.29256500001,5107905.61058000010,1824.00000
633067.66869159869,5108765.1057497738,633067.66869199998,5108765.10575000010,1453.00000
638581.29689291178,5113076.4584663361,638581.29689300002,5113076.45847000000,1424.00000
638037.4849182372,5111120.4475818984,638037.48491799994,5111120.44758000040,1370.00000
635314.78981724626,5112948.0288230237,635314.78981700004,5112948.02881999970,841.00000
635471.64504129835,5100968.6865283502,635471.64504099998,5100968.68652999960,793.00000
637934.53366965917,5096081.4290479496,637934.53367000003,5096081.42905000040,1129.00000
634622.18667431199,5112293.0765183382,634622.18667400000,5112293.07651999970,1378.00000
632668.02553586126,5113256.0570337642,632668.02553600003,5113256.05702999980,1478.00000
639235.18312376912,5104949.6707736701,639235.18312399997,5104949.67076999970,1193.00000
636188.99857149052,5107580.9100384908,636188.99857099995,5107580.91004000050,1154.00000
637431.31575557473,5105358.8523434084,637431.31575600000,5105358.85233999980,1489.00000
638078.18057119031,5100783.0994265797,638078.18057099998,5100783.09943000040,620.00000
633647.77120057656,5109640.7703340659,633647.77120099997,5109640.77032999970,1532.00000
633212.3638786769,5095482.358781579,633212.36387899995,5095482.35878000040,1505.00000
638178.43184797163,5101508.4644500203,638178.43184800004,5101508.46444999990,482.00000
632995.1813967356,5095184.1046963464,632995.18139699998,5095184.10470000000,1386.00000
641392.24499631417,5096375.600612198,641392.24499599996,5096375.60061000010,671.00000
634271.98380690289,5112816.4311155556,634271.98380699998,5112816.43111999980,1483.00000
633689.61785735225,5107879.0279578501,633689.61785699998,5107879.02795999960,1124.00000
642459.14775419631,5098133.8376605045,642459.14775400003,5098133.83765999970,603.00000
640207.0160306755,5098747.3493944313,640207.01603099995,5098747.34939000010,883.00000
634288.36645022454,5101583.8244457394,634288.36644999997,5101583.82445000020,1256.00000
640771.59690840368,5105405.1687261891,640771.59690799995,5105405.16873000000,1405.00000
635212.8891970464,5106627.5177167347,635212.88919699995,5106627.51771999990,909.00000
630874.69844133477,5098442.7988628503,630874.69844099996,5098442.79886000040,1304.00000
635073.80985644623,5100274.7091962341,635073.80985600001,5100274.70920000040,527.00000
637512.79018757562,5098452.4962452566,637512.79018799996,5098452.49624999990,1418.00000
632747.53871812567,5112682.2003970025,632747.53871800005,5112682.20040000040,1745.00000
633271.17856079363,5106024.173248684,633271.17856100004,5106024.17325000000,792.00000
640871.6789911408,5102546.7567888619,640871.67899100005,5102546.75679000000,705.00000
629253.80715953745,5113148.6702138763,629253.80715999997,5113148.67021000010,1452.00000
636775.42884948046,5097626.8528180746,636775.42884900002,5097626.85281999970,1190.00000
635751.81210825639,5099502.700588434,635751.81210800004,5099502.70058999960,619.00000
641246.74041715171,5103035.3247889411,641246.74041700002,5103035.32479000000,1098.00000
637765.00146600942,5099630.419424423,637765.00146599999,5099630.41942000020,969.00000
637299.83041167131,5111674.5209810762,637299.83041199995,5111674.52097999960,973.00000
635137.03391670121,5098717.2152331416,635137.03391700005,5098717.21523000020,739.00000
638906.25105963869,5105498.3340149857,638906.25106000004,5105498.33401000030,1183.00000
633449.05970509828,5096065.9628173728,633449.05970500002,5096065.96282000000,1372.00000
634513.0910313935,5113736.0625715191,634513.09103100002,5113736.06257000010,1208.00000
637412.30688506656,5096793.8841773868,637412.30688499997,5096793.88418000010,1707.00000
637222.47165533574,5104251.3160403073,637222.47165500000,5104251.31603999990,1411.00000
641944.0429879874,5095602.984093884,641944.04298799997,5095602.98409000040,675.00000
641733.4129105499,5097465.8020392172,641733.41291099996,5097465.80204000040,536.00000
630221.78926699865,5105794.5791850444,630221.78926700004,5105794.57919000000,1555.00000
636171.52043903107,5108148.4869719082,636171.52043899999,5108148.48697000000,974.00000
629518.84111743025,5100821.8350006063,629518.84111699997,5100821.83500000000,1697.00000
638376.15958419698,5113463.0337772146,638376.15958400001,5113463.03378000020,1588.00000
638884.80337511247,5096017.6329583731,638884.80337500002,5096017.63296000010,828.00000
634213.13999061496,5107639.7497260571,634213.13999099995,5107639.74973000030,846.00000
642006.77952155436,5097446.311254086,642006.77952200000,5097446.31125000030,577.00000
633209.08650672459,5103074.544411649,633209.08650700003,5103074.54440999960,676.00000
632013.54391841893,5105193.2863286613,632013.54391799995,5105193.28632999960,1193.00000
634425.07975586213,5096452.7815638203,634425.07975599996,5096452.78156000000,1259.00000
632484.18795177166,5096454.1226056255,632484.18795199995,5096454.12261000000,967.00000
631535.75455026375,5106260.8004852999,631535.75454999995,5106260.80049000030,1015.00000
639576.10595298442,5100474.1486110501,639576.10595300002,5100474.14860999960,1212.00000
640278.82888719253,5102236.4901629705,640278.82888699998,5102236.49015999960,602.00000
637615.1935049037,5104340.7356943786,637615.19350499997,5104340.73568999950,1564.00000
635278.78362068767,5103033.9541201256,635278.78362100001,5103033.95411999990,1126.00000
628956.93125159689,5112384.0819313936,628956.93125200004,5112384.08193000030,2172.00000
632298.56663870229,5112474.6947661592,632298.56663899997,5112474.69476999990,1939.00000
635585.8515080167,5110629.2083040951,635585.85150800005,5110629.20830000010,799.00000
636009.9700509205,5097666.6674731281,636009.97005100001,5097666.66746999980,1241.00000
639489.79822059104,5100813.9065683018,639489.79822100000,5100813.90656999960,1015.00000
633380.71950521227,5096402.9558068831,633380.71950500004,5096402.95581000020,1290.00000
642316.15790155274,5102474.6195255863,642316.15790200001,5102474.61952999980,1087.00000
631083.53958042269,5099404.8701455882,631083.53957999998,5099404.87014999990,1195.00000
630793.3820788709,5104697.9721947545,630793.38207900000,5104697.97219000010,1538.00000
638248.65338820172,5111593.1574054845,638248.65338799998,5111593.15741000050,1354.00000
631010.13987315714,5104590.4782786928,631010.13987299998,5104590.47828000040,1499.00000
637464.7978496768,5101988.2109718136,637464.79784999997,5101988.21097000040,733.00000
638647.90263691614,5110452.6316154674,638647.90263699996,5110452.63162000010,1551.00000
632149.54019915068,5102819.2233266747,632149.54019900004,5102819.22333000040,644.00000
633675.28699050716,5104464.9670148818,633675.28699099994,5104464.96700999980,671.00000
637816.71332259546,5097461.0923403986,637816.71332300000,5097461.09234000000,1468.00000
640237.81760087062,5100276.1525752433,640237.81760099996,5100276.15258000050,1368.00000
636337.6528527505,5105734.8885381157,636337.65285299998,5105734.88853999970,1679.00000
630105.33000203944,5110467.7688373514,630105.33000199997,5110467.76884000000,2131.00000
632135.7714462874,5096958.0129102077,632135.77144599997,5096958.01291000000,713.00000
641021.12688167649,5095380.8870885251,641021.12688200001,5095380.88709000030,820.00000
639957.40530075086,5102216.0582527947,639957.40530099999,5102216.05824999980,585.00000
639534.49948844616,5100177.6418239065,639534.49948799994,5100177.64181999960,1253.00000
634013.08118681598,5106577.0804490866,634013.08118700003,5106577.08045000020,648.00000
636543.27861041203,5114015.0035593435,636543.27861000004,5114015.00356000010,890.00000
633671.78010283562,5100278.8590442035,633671.78010300000,5100278.85903999950,560.00000
641865.30991471955,5102755.8097636877,641865.30991499999,5102755.80975999960,1229.00000
638781.49011615501,5102293.8033950394,638781.49011599994,5102293.80339999960,673.00000
633578.96182409825,5098515.094372943,633578.96182400000,5098515.09437000010,592.00000
633209.99862527312,5111209.4255867098,633209.99862500001,5111209.42559000010,1984.00000
631129.79426455009,5104177.7657769825,631129.79426500003,5104177.76578000000,1384.00000
640372.76689392386,5099720.2874161052,640372.76689400000,5099720.28741999990,1268.00000
632170.28717512335,5097278.5215991959,632170.28717499995,5097278.52159999960,777.00000
633385.67273320025,5110437.07533863,633385.67273300001,5110437.07534000000,1895.00000
638785.72072538245,5098511.5083966963,638785.72072500002,5098511.50839999970,1599.00000
637384.01766711357,5111009.2360096145,637384.01766699995,5111009.23601000010,1031.00000
640576.07151800883,5098248.1904137041,640576.07151799998,5098248.19041000030,800.00000
638368.49612352275,5105898.6266293358,638368.49612400006,5105898.62662999980,1579.00000
638654.16338044207,5104847.0333929984,638654.16338000004,5104847.03339000050,1439.00000
629373.74551771348,5111011.4417359279,629373.74551799998,5111011.44173999970,2002.00000
635143.35181747761,5106889.606085673,635143.35181699996,5106889.60608999990,820.00000
636297.35924516071,5101254.4756745528,636297.35924500006,5101254.47566999960,732.00000
630653.40657110163,5110224.2534413831,630653.40657100000,5110224.25344000010,1941.00000
638055.32902619813,5107436.9869942721,638055.32902599999,5107436.98699000010,1937.00000
637457.63191357139,5104518.9155408433,637457.63191400003,5104518.91554000040,1508.00000
634681.36704838008,5110742.2642076761,634681.36704799999,5110742.26420999970,1159.00000
631322.64238028962,5101767.780677028,631322.64237999998,5101767.78067999990,1028.00000
635746.20960619615,5107474.7135487823,635746.20960599999,5107474.71355000050,961.00000
636597.05513444182,5106294.7016153689,636597.05513400002,5106294.70162000040,1733.00000
634856.56341118226,5110049.1274632458,634856.56341099995,5110049.12746000010,1138.00000
641158.99162947643,5097711.2233900428,641158.99162900005,5097711.22338999990,668.00000
636879.80044882046,5103504.9822136732,636879.80044899997,5103504.98221000000,1183.00000
634444.68480869813,5113528.4524674118,634444.68480900000,5113528.45246999990,1326.00000
637544.20251613692,5113388.5839670226,637544.20251600002,5113388.58397000000,1260.00000
638827.79385919718,5098029.6254718648,638827.79385899997,5098029.62547000030,1634.00000
635045.49255088309,5101587.9909272417,635045.49255099997,5101587.99093000030,1140.00000
629497.62088148901,5111919.7113054665,629497.62088099995,5111919.71131000020,1695.00000
638034.19146675593,5102366.2717866627,638034.19146700006,5102366.27178999970,860.00000
634727.35355326661,5101442.619837055,634727.35355300002,5101442.61983999980,1261.00000
634130.10478001274,5101451.2926657777,634130.10478000005,5101451.29267000030,1212.00000
634995.21047378238,5112299.5398569498,634995.21047399996,5112299.53985999990,1174.00000
629443.13417006051,5101817.3532338869,629443.13416999998,5101817.35322999950,1583.00000
629349.86801246798,5110441.2493113894,629349.86801199999,5110441.24930999990,2066.00000
638934.4405078612,5110392.9750209078,638934.44050799997,5110392.97501999980,1635.00000
640265.63898143324,5111387.7815600103,640265.63898100005,5111387.78156000000,1523.00000
640562.20240885811,5110906.2543037608,640562.20240900002,5110906.25430000010,1889.00000
633762.57361841702,5108540.7400925737,633762.57361800002,5108540.74009000040,1074.00000
630228.98012519837,5100816.1574958852,630228.98012500000,5100816.15749999970,1480.00000
637349.83625367703,5112658.2359791603,637349.83625399997,5112658.23598000030,1009.00000
635157.69285970612,5114152.5594036374,635157.69285999995,5114152.55939999970,774.00000
634694.13930477854,5095279.0569860497,634694.13930499996,5095279.05699000040,1539.00000
638417.67056560772,5108458.3990608901,638417.67056600004,5108458.39905999970,1881.00000
631646.21435372438,5097426.1265631504,631646.21435400005,5097426.12655999980,1067.00000
641055.07677273522,5098999.2259244071,641055.07677299995,5098999.22592000010,801.00000
637490.69050499308,5100909.7036448456,637490.69050499995,5100909.70364000000,483.00000
636616.07543112873,5110877.8297963524,636616.07543099998,5110877.82980000040,750.00000
635501.3108180433,5105661.897517697,635501.31081800000,5105661.89752000010,1234.00000
636631.96252311487,5099441.1770285992,636631.96252299997,5099441.17702999990,663.00000
637424.45492231613,5107145.8771254597,637424.45492199995,5107145.87712999990,1683.00000
635914.20324282255,5098816.3985253973,635914.20324299997,5098816.39852999990,735.00000
637840.74419599364,5106954.2007875135,637840.74419600004,5106954.20079000010,1724.00000
629123.11981664202,5113610.6222743699,629123.11981700000,5113610.62227000020,1133.00000
636761.00533309905,5114841.1522014234,636761.00533299998,5114841.15220000040,897.00000
636413.45844984974,5107895.6823317809,636413.45845000003,5107895.68233000020,1077.00000
637734.5002158226,5108342.63124,637734.50021600001,5108342.63124000000,1726.00000
641112.77079633577,5103646.5001189467,641112.77079600003,5103646.50012000000,1211.00000
632947.38618970546,5114516.1307362672,632947.38618999999,5114516.13073999990,1060.00000
633529.65907934704,5100986.7012570761,633529.65907900000,5100986.70125999950,692.00000
638743.53351000859,5109858.201446984,638743.53350999998,5109858.20144999960,1562.00000
639654.83291224763,5101135.4775456302,639654.83291200001,5101135.47755000000,746.00000
631092.5544872866,5098145.2117275167,631092.55448699999,5098145.21172999960,1359.00000
638694.04774542945,5112819.1142251268,638694.04774499999,5112819.11423000040,1343.00000
635927.18466872023,5105543.1492721736,635927.18466899998,5105543.14926999990,1419.00000
638880.92199334712,5109701.0603907313,638880.92199299997,5109701.06039000020,1564.00000
639718.02325686696,5111776.4747805046,639718.02325700002,5111776.47477999980,1730.00000
635429.14503829961,5107599.5326040406,635429.14503799996,5107599.53259999960,744.00000
641380.57611059351,5101255.8924468858,641380.57611100003,5101255.89245000020,841.00000
639311.99552874221,5101721.1777189597,639311.99552899995,5101721.17772000000,465.00000
635115.23988919239,5110356.5188563615,635115.23988899996,5110356.51886000020,1063.00000
635767.97236036905,5098024.218777203,635767.97236000001,5098024.21877999980,1090.00000
635187.80201217579,5104166.8349850196,635187.80201200000,5104166.83499000040,1353.00000
636622.71138337895,5105309.5768861966,636622.71138300002,5105309.57689000010,1656.00000
629276.90511331626,5111410.804141379,629276.90511299996,5111410.80413999970,1717.00000
633446.80912070244,5107607.802786639,633446.80912100000,5107607.80279000010,1198.00000
638961.82062805991,5101024.3128156094,638961.82062799996,5101024.31281999960,828.00000
637670.25610741018,5104655.6329807658,637670.25610700005,5104655.63298000020,1597.00000
635229.58989035175,5114490.9610181153,635229.58988999994,5114490.96102000030,804.00000
639144.57493446069,5095419.1901111435,639144.57493400003,5095419.19010999990,1286.00000
634233.23810077191,5097554.501840597,634233.23810099997,5097554.50184000000,1124.00000
640906.66941627802,5105164.8821302829,640906.66941600002,5105164.88212999980,1573.00000
636496.83231219859,5105095.4503884008,636496.83231199998,5105095.45038999990,1683.00000
633176.42143004644,5101298.7327228254,633176.42142999999,5101298.73271999970,593.00000
638829.69058625342,5100035.5984151671,638829.69058599998,5100035.59841999970,1064.00000
638242.60901865317,5100176.9177893018,638242.60901899997,5100176.91779000030,793.00000
639035.92745279102,5099932.0518898349,639035.92745299998,5099932.05188999980,1065.00000
642402.14336854802,5119938.3129382096,642402.14336900006,5119938.31293999960,1977.00000
643539.28182335512,5119545.5590042099,643539.28182300006,5119545.55900000040,2077.00000
642234.54986803595,5120596.3361469544,642234.54986799997,5120596.33614999990,2032.00000
643903.63897742343,5119088.6340368511,643903.63897700002,5119088.63403999990,1845.00000
642228.65887261974,5116358.8274663212,642228.65887299995,5116358.82746999990,1758.00000
639205.16784762591,5116463.4264861075,639205.16784799995,5116463.42649000040,1362.00000
641369.71802717238,5118152.2015807135,641369.71802699997,5118152.20158000010,1221.00000
641352.39013769559,5119990.5831438992,641352.39013800002,5119990.58313999980,1715.00000
642923.93837732193,5120162.8237634748,642923.93837700004,5120162.82376000010,2018.00000
640432.66925184673,5116696.3015061766,640432.66925200005,5116696.30150999970,1584.00000
642701.08975958824,5120308.5281107612,642701.08976000000,5120308.52811000030,2036.00000
644696.35001408029,5119138.056233488,644696.35001399997,5119138.05623000020,1807.00000
639806.93473612261,5118217.70311312,639806.93473600002,5118217.70311000010,1363.00000
640683.46816117247,5116218.6775622349,640683.46816100006,5116218.67755999970,1549.00000
642631.34642332711,5118218.5802760562,642631.34642299998,5118218.58028000030,1651.00000
638754.98970354546,5118569.5534759173,638754.98970399995,5118569.55348000020,1613.00000
639677.73083792324,5119792.7702698354,639677.73083799996,5119792.77027000020,1717.00000
642031.04106350034,5119906.944989752,642031.04106399999,5119906.94498999980,1925.00000
642253.65770570328,5118208.5271586915,642253.65770600003,5118208.52716000010,1461.00000
639988.09543482575,5116721.5965067809,639988.09543500002,5116721.59650999960,1510.00000
641896.16457493603,5117947.9205194684,641896.16457499994,5117947.92052000020,1279.00000
643180.60981966881,5119707.2987416424,643180.60982000001,5119707.29874000050,2004.00000
640115.22521676868,5117906.6751067573,640115.22521700000,5117906.67511000020,1231.00000
642077.95639483724,5118615.0860744612,642077.95639499999,5118615.08607000020,1356.00000
640126.07439504168,5120188.9228852671,640126.07439500000,5120188.92289000000,1683.00000
639186.61917535495,5117619.4910575021,639186.61917500000,5117619.49105999990,1253.00000
642119.48202453041,5119102.748161966,642119.48202500003,5119102.74816000000,1550.00000
640245.66844993038,5119174.1443124572,640245.66845000000,5119174.14431000040,1588.00000
639252.4676552735,5116762.7021845514,639252.46765500004,5116762.70218000000,1241.00000
640991.68512034626,5120009.1424105531,640991.68512000004,5120009.14240999990,1486.00000
640442.07630143454,5119844.6921366472,640442.07630099996,5119844.69213999990,1532.00000
641667.68169711134,5118967.1103370115,641667.68169700005,5118967.11034000010,1509.00000
644140.51285430696,5118063.7860474586,644140.51285399997,5118063.78605000020,1818.00000
640751.82330621569,5115906.9929575492,640751.82330599998,5115906.99296000040,1566.00000
641032.99087526638,5118421.0923263077,641032.99087500002,5118421.09233000040,1246.00000
642822.92373881268,5119693.4741710927,642822.92373899999,5119693.47417000030,1944.00000
642947.55625918461,5119433.0642210413,642947.55625899998,5119433.06422000010,1937.00000
642916.94388793723,5117439.9442278482,642916.94388799998,5117439.94422999960,1542.00000
640201.32979219349,5119827.8931955071,640201.32979200000,5119827.89319999980,1629.00000
642904.99765191192,5118493.5239214702,642904.99765200005,5118493.52391999960,1516.00000
642106.69154585677,5117293.8821651386,642106.69154599996,5117293.88217000010,1300.00000
644271.74305337702,5117219.9520250903,644271.74305299995,5117219.95203000030,2192.00000
639495.72895213799,5118538.2632367397,639495.72895200003,5118538.26324000020,1502.00000
644328.18618348893,5118194.3015250079,644328.18618299998,5118194.30152999980,1789.00000
642155.64204780012,5117044.2695453335,642155.64204800001,5117044.26955000030,1373.00000
644092.04129687615,5119848.4831461459,644092.04129700002,5119848.48314999980,2077.00000
644423.72298338555,5119097.1667512991,644423.72298299999,5119097.16674999990,1802.00000
644421.08431494387,5119775.726945037,644421.08431499999,5119775.72695000000,2095.00000
642170.5583130311,5116588.6400647955,642170.55831300002,5116588.64006000010,1673.00000
638987.81293412542,5118308.9114948725,638987.81293400005,5118308.91148999990,1507.00000
641544.7769647839,5117548.694761619,641544.77696499997,5117548.69476000030,1429.00000
639424.17989868368,5116263.6004825477,639424.17989899998,5116263.60047999960,1558.00000
642478.86999732431,5118920.2167401761,642478.86999699997,5118920.21674000010,1492.00000
640789.94156008074,5119845.8610533327,640789.94155999995,5119845.86105000040,1440.00000
641621.55851773615,5116893.543471802,641621.55851799995,5116893.54346999990,1675.00000
639332.4155984947,5119777.6318620406,639332.41559800005,5119777.63186000010,1766.00000
639734.92990192666,5118931.1771972124,639734.92990200000,5118931.17719999980,1625.00000
644133.41492260376,5119437.4708618931,644133.41492300003,5119437.47085999980,1981.00000
643899.03100542421,5118238.8419897053,643899.03100500000,5118238.84198999960,1689.00000
641333.95170063945,5118432.5275300974,641333.95170099998,5118432.52752999960,1273.00000
642568.31029271113,5117364.7279608576,642568.31029299996,5117364.72795999980,1378.00000
641069.78699928964,5119121.600343748,641069.78699900000,5119121.60034000040,1433.00000
640935.92539980193,5116881.8803111631,640935.92539999995,5116881.88030999990,1290.00000
641100.28446208499,5116320.8638500394,641100.28446200001,5116320.86385000030,1347.00000
638744.50397831097,5116929.2971713925,638744.50397800002,5116929.29717000020,1131.00000
644616.82155872684,5118180.5696835518,644616.82155899995,5118180.56967999970,1884.00000
642222.97053585458,5120277.716725111,642222.97053599998,5120277.71673000050,2024.00000
642587.27273990016,5117630.4695937885,642587.27274000004,5117630.46958999990,1503.00000
643685.88735957269,5120370.6071318956,643685.88736000005,5120370.60713000040,2011.00000
642035.5464744654,5116160.2951999707,642035.54647399997,5116160.29519999960,1774.00000
641698.29003613803,5120263.3436797243,641698.29003599996,5120263.34367999990,1826.00000
639077.99128048029,5116953.0482603805,639077.99127999996,5116953.04825999960,1087.00000
638796.46581995208,5116645.2353378162,638796.46582000004,5116645.23534000010,1140.00000
644820.45884652436,5118277.9109872878,644820.45884700003,5118277.91098999980,1949.00000
643406.6046312158,5117524.6037155613,643406.60463099997,5117524.60372000000,1815.00000
641138.30193784216,5117275.8766693603,641138.30193800002,5117275.87667000010,1443.00000
643905.17860684288,5118593.759493567,643905.17860700004,5118593.75949000010,1574.00000
640036.80887517217,5116101.8901269343,640036.80887499999,5116101.89013000020,1686.00000
642048.49184018711,5118248.9613715857,642048.49184000003,5118248.96136999970,1398.00000
643048.23375835223,5117629.3865327332,643048.23375799996,5117629.38652999980,1670.00000
640685.48351377854,5116996.5284716506,640685.48351399996,5116996.52847000030,1375.00000
639738.03865453228,5117635.1411964362,639738.03865500004,5117635.14120000040,1175.00000
640140.36902852985,5118178.753575854,640140.36902900005,5118178.75358000030,1289.00000
642737.90804279665,5120049.766370602,642737.90804300003,5120049.76637000030,1985.00000
639577.29918387474,5117480.181811275,639577.29918400000,5117480.18181000000,1155.00000
644258.87467955542,5117871.6977276653,644258.87468000001,5117871.69773000010,1894.00000
638881.16742001101,5118908.6492226655,638881.16741999995,5118908.64922000000,1719.00000
642028.72413830471,5117525.8135656537,642028.72413800005,5117525.81357000020,1268.00000
640933.87595134601,5118842.0212926082,640933.87595100002,5118842.02128999960,1365.00000
639345.55146239104,5117381.1201112149,639345.55146200000,5117381.12010999960,1145.00000
640774.77126604598,5117451.0050839838,640774.77126600000,5117451.00507999960,1267.00000
639090.22562325688,5118695.9260592405,639090.22562299995,5118695.92606000040,1642.00000
642494.64145911101,5117846.588591937,642494.64145899995,5117846.58858999980,1576.00000
643552.13318943512,5117174.6454165755,643552.13318899996,5117174.64542000000,1828.00000
639720.22334964667,5117220.4054097682,639720.22334999999,5117220.40541000010,1176.00000
642532.01239659032,5119155.9458736135,642532.01239699998,5119155.94586999990,1673.00000
639275.83941061411,5116986.9651095727,639275.83941100002,5116986.96511000020,1147.00000
638857.07411215291,5116382.9239116786,638857.07411199994,5116382.92391000040,1293.00000
644918.51940679085,5118616.1400366332,644918.51940700004,5118616.14004000000,1909.00000
643423.1910250783,5117804.332622882,643423.19102499995,5117804.33261999950,1869.00000
639641.88333811029,5116942.4361768365,639641.88333800004,5116942.43618000020,1268.00000
643215.88817718392,5116773.7275202442,643215.88817699999,5116773.72752000020,1436.00000
641294.49664521776,5120506.7976565799,641294.49664499995,5120506.79765999970,1629.00000
644436.42897957901,5117563.2950955499,644436.42897999997,5117563.29509999980,2022.00000
640305.06760990527,5117519.1541403383,640305.06761000003,5117519.15414000020,1141.00000
639340.5942836412,5118379.9079609448,639340.59428399999,5118379.90796000040,1471.00000
643637.13292774325,5118195.2637463771,643637.13292799995,5118195.26374999990,1697.00000
639520.76646502549,5119372.452288921,639520.76646499999,5119372.45229000040,1716.00000
639136.82731212035,5117262.1578873452,639136.82731199998,5117262.15789000040,1143.00000
638781.24011259328,5118233.6908147056,638781.24011300004,5118233.69080999960,1514.00000
638497.53245893924,5118726.687703345,638497.53245900001,5118726.68769999970,1670.00000
642428.17805396323,5118410.7142379042,642428.17805400002,5118410.71423999970,1503.00000
639763.31848232588,5119536.6727816537,639763.31848200003,5119536.67277999970,1707.00000
641045.0286211943,5117813.3374515194,641045.02862100000,5117813.33745000050,1215.00000
642450.69751625671,5116879.4265307346,642450.69751600001,5116879.42652999980,1406.00000
641508.97504643968,5120447.5038289716,641508.97504599998,5120447.50382999980,1743.00000
640846.4984609664,5116090.0870925523,640846.49846100004,5116090.08708999960,1465.00000
641879.16299287311,5117140.3067611828,641879.16299300001,5117140.30676000010,1521.00000
643267.53594057914,5120337.4100160273,643267.53594099998,5120337.41002000030,2040.00000
639868.37131454353,5117999.3357146746,639868.37131500000,5117999.33571000020,1289.00000
639077.22023682739,5119138.2234657854,639077.22023700003,5119138.22346999960,1744.00000
